{"clients": 3, "Losses": [11.0484037399292, 0.22230499982833862, 0.2157903015613556, 0.21426993608474731, 0.21065102517604828, 0.21470585465431213, 0.21888980269432068, 0.21522466838359833, 0.2193250060081482, 0.217708021402359, 0.21542273461818695], "rmse": [3.323913812637329, 0.47149232029914856, 0.46453234553337097, 0.462893009185791, 0.4589673578739166, 0.4633636176586151, 0.46785658597946167, 0.4639231264591217, 0.46832147240638733, 0.4665919244289398, 0.46413654088974], "pearson": {"Vacuum cleaning": [-0.09837794177262009, 0.7651204423024142, 0.7670176123792223, 0.7692666221553687, 0.7696109012634178, 0.7657043384968026, 0.7569586300930605, 0.7603083064560636, 0.7597008321371603, 0.7685446766645354, 0.7682081198851674], "Mopping the floor": [-0.04707994639063074, 0.7480579777578004, 0.747146742467099, 0.7491573728401373, 0.7517704445772401, 0.7486576138062152, 0.7433384587172593, 0.7445064793733133, 0.7439116722127518, 0.749852341051052, 0.7496925393053757], "Carry warm food": [0.009278331691370918, 0.39874894574692915, 0.42101910517291596, 0.4296156620450748, 0.4304136333303513, 0.4360862141943975, 0.4265984914578983, 0.4284878968620381, 0.42128322562822923, 0.42001567301103465, 0.4212017257646395], "Carry cold food": [0.19357533912503855, 0.3177343638178135, 0.3544248714026003, 0.3591736624333609, 0.36582906415063093, 0.3797182527131349, 0.3744721813735917, 0.3666795176060317, 0.35452780864723216, 0.3411644104658467, 0.348449634373987], "Carry drinks": [-0.03926929790881088, 0.3645672314046897, 0.3882784881743836, 0.3966489353947148, 0.39909498110396785, 0.4146423253937178, 0.4131841405287389, 0.40061397118819014, 0.3986561666633102, 0.3832539183617819, 0.39752654846129215], "Carry small objects (plates, toys)": [0.07987397754847043, 0.5211092849395744, 0.5019194625291162, 0.5145346669505946, 0.5158036627886555, 0.51515611018621, 0.505833539291733, 0.5081919871619679, 0.4983196083007963, 0.5126257312627618, 0.5113055401568056], "Carry big objects (tables, chairs)": [0.2732330077253213, 0.7323654703181898, 0.7238122215391298, 0.7285683232619568, 0.7320906655594579, 0.7274389075325663, 0.7197169487937111, 0.7197577696358572, 0.7199220843722003, 0.7259588052604422, 0.7302338416430603], "Cleaning (Picking up stuff) / Starting conversation": [0.01719180657331923, 0.2711008035310154, 0.29076971685689323, 0.28898252214168935, 0.28861026711259363, 0.2611664454735409, 0.2582281914536617, 0.2695150688549881, 0.26687584716778173, 0.26909570894660834, 0.28342169162206604]}}