{"clients": 5, "Losses": [10.901083946228027, 0.2427825778722763, 0.23125490546226501, 0.22684213519096375, 0.22695821523666382, 0.2295621782541275, 0.2247001826763153, 0.22489218413829803, 0.22505445778369904, 0.22743450105190277, 0.22837351262569427], "rmse": [3.3016791343688965, 0.49272972345352173, 0.4808897078037262, 0.47627946734428406, 0.47640129923820496, 0.4791264832019806, 0.47402551770210266, 0.4742279648780823, 0.47439903020858765, 0.47690093517303467, 0.4778844118118286], "pearson": {"Vacuum cleaning": [-0.2009791117023113, 0.7575148726949907, 0.7509900783426274, 0.7546757441902601, 0.7519401765809419, 0.7521708083256665, 0.7552252251197338, 0.7584006327665954, 0.7562943761626766, 0.7568819229040001, 0.7586392015754814], "Mopping the floor": [-0.06643376263939844, 0.7620337630874973, 0.7566421392288137, 0.7573356014845335, 0.7562262524205017, 0.7597629323965632, 0.7595163777620347, 0.7605855897475721, 0.7595397816889223, 0.7609207091033051, 0.762778829352981], "Carry warm food": [0.07291235188649244, 0.3720754174633151, 0.3608825892803312, 0.3747681412640954, 0.3752244447278918, 0.3794722869836951, 0.37265598891321916, 0.3888268665718632, 0.37616074385025366, 0.37819424994929285, 0.37329275732061734], "Carry cold food": [0.10292983904658393, 0.2889870954346749, 0.2755801256990025, 0.27769200761113894, 0.28881617103338825, 0.2924898965426962, 0.280676270724301, 0.2940136535630302, 0.287145785747644, 0.2903170400642146, 0.28135098903586664], "Carry drinks": [-0.004244498617591397, 0.2934807384067928, 0.3013424452940962, 0.28265281844146156, 0.3042716867861562, 0.29586824601705003, 0.2834918136076082, 0.30671872217506, 0.2952777087892842, 0.2972552661486002, 0.29280446887528355], "Carry small objects (plates, toys)": [-0.06475491852721053, 0.48016361835290583, 0.46560845004529633, 0.4700947976938649, 0.4611416621578859, 0.47593288026477304, 0.47084025332737384, 0.4711134305183934, 0.4677072882765272, 0.476000908772833, 0.4701215914993171], "Carry big objects (tables, chairs)": [0.265978199440422, 0.7015623778178584, 0.6998000728999074, 0.6995287142106249, 0.6968715714340843, 0.6998278329782474, 0.7004140307860335, 0.7004518064779293, 0.699541500155065, 0.7021573872727798, 0.7026933792848146], "Cleaning (Picking up stuff) / Starting conversation": [0.13408871375819673, 0.33905085453651995, 0.36020619276081484, 0.3515633654440627, 0.35591501523771624, 0.369625950359902, 0.3725048586044111, 0.3765996720234096, 0.3711287893639685, 0.3805465442416451, 0.3687658998493927]}}