{"clients": 7, "Losses": [11.0484037399292, 0.22571565210819244, 0.20854288339614868, 0.21822896599769592, 0.2086525410413742, 0.21099425852298737, 0.2145494967699051, 0.21599292755126953, 0.21309170126914978, 0.2162071317434311, 0.2165442705154419], "rmse": [3.323913812637329, 0.47509539127349854, 0.45666494965553284, 0.4671498239040375, 0.45678502321243286, 0.4593411087989807, 0.463194876909256, 0.46475037932395935, 0.461618572473526, 0.4649807810783386, 0.465343177318573], "pearson": {"Vacuum cleaning": [-0.09837794177262009, 0.7725433019002713, 0.7722795999802344, 0.7635149313827523, 0.7722063397525372, 0.7681603952612859, 0.7644350388387607, 0.7654924240321423, 0.7628732018863577, 0.767225847273046, 0.7673017141047456], "Mopping the floor": [-0.04707994639063074, 0.7572856610357326, 0.7551925557434738, 0.7422795702122073, 0.7540983789757223, 0.7504508019644306, 0.7466246283207204, 0.7453366067785018, 0.7470622233477884, 0.7507614416994656, 0.7503609545986708], "Carry warm food": [0.009278331691370918, 0.42969625750592944, 0.42430198073523584, 0.41521843135426717, 0.42745791210673767, 0.43345147201255646, 0.4218688097036981, 0.426174332213958, 0.42373125411294577, 0.42877690814166336, 0.4249391299774504], "Carry cold food": [0.19357533912503855, 0.37719204900411596, 0.3684372860484059, 0.35229637560142174, 0.3661742808491855, 0.3674953061169999, 0.3616035697968458, 0.3625300746964762, 0.3623099960610418, 0.3633842485147475, 0.354848015557033], "Carry drinks": [-0.03926929790881088, 0.4158268817773745, 0.40686722471570885, 0.3864176339835663, 0.39804687661505816, 0.4037368476848072, 0.39304467546114996, 0.39537054950681016, 0.39678627635990604, 0.40269159432711793, 0.3924754979245374], "Carry small objects (plates, toys)": [0.07987397754847043, 0.5408076277123677, 0.5269388224297489, 0.5028203425542149, 0.5125460277785295, 0.5257783700866402, 0.5047995232703636, 0.5018396802465135, 0.5091406417042358, 0.5107145896254365, 0.5087696511667537], "Carry big objects (tables, chairs)": [0.2732330077253213, 0.7377400548184104, 0.7336566285093689, 0.7201670557696921, 0.7344705734358901, 0.7306315688745021, 0.726643536067523, 0.7256608648816867, 0.7263364963650867, 0.7314533652725825, 0.7307579110660897], "Cleaning (Picking up stuff) / Starting conversation": [0.01719180657331923, 0.2694839830861777, 0.29192394905172797, 0.29194472391467496, 0.2916632323532762, 0.293348584808019, 0.26334792426378506, 0.28391810254976885, 0.28198076749897266, 0.2786967428044547, 0.2770316034210485]}}