{"clients": 2, "Losses": [11.0484037399292, 0.22298671305179596, 0.21792660653591156, 0.22063466906547546, 0.21817167103290558, 0.21344955265522003, 0.2161160707473755, 0.21394985914230347, 0.21354155242443085, 0.2156742960214615, 0.2115819752216339], "rmse": [3.323913812637329, 0.47221463918685913, 0.46682608127593994, 0.4697176516056061, 0.4670884609222412, 0.46200600266456604, 0.46488285064697266, 0.4625471532344818, 0.46210557222366333, 0.46440744400024414, 0.45998039841651917], "pearson": {"Vacuum cleaning": [-0.09837794177262009, 0.7729998723830239, 0.7704027071217743, 0.7680360711569625, 0.7669049282404036, 0.7729358878536571, 0.7681401861410705, 0.766477948080835, 0.7741900238549894, 0.7628561110238394, 0.7699181807405919], "Mopping the floor": [-0.04707994639063074, 0.7556033347999548, 0.7543774560619104, 0.7491640069990546, 0.7470525856310631, 0.7521370864086467, 0.753463608885985, 0.7522939641848269, 0.7589900513667531, 0.7455162528497152, 0.7525708049634036], "Carry warm food": [0.009278331691370918, 0.4039762823654886, 0.4348969353330203, 0.42380111102214535, 0.4182907547122531, 0.4175160196094076, 0.42181416072949346, 0.4151376333213583, 0.4238339220990095, 0.4176578075956757, 0.41908827831892687], "Carry cold food": [0.19357533912503855, 0.3386655486633145, 0.37461628095654304, 0.34606694935421883, 0.3391426555297684, 0.3439059210639735, 0.34744400142367715, 0.34384540112772993, 0.35730956489540056, 0.36198848602963235, 0.35269498565939017], "Carry drinks": [-0.03926929790881088, 0.37936931072232283, 0.401599635873401, 0.3744373509987764, 0.37440372884317685, 0.37714394087320857, 0.38689377737617164, 0.37512848244714875, 0.3871782118908996, 0.39596982321385, 0.38609279817970377], "Carry small objects (plates, toys)": [0.07987397754847043, 0.5119326068487605, 0.5167065792511968, 0.501981408586217, 0.4852326618581999, 0.5047744658399137, 0.5120735785126177, 0.5020140487277458, 0.5252092299000919, 0.5020662002688903, 0.5120635142814646], "Carry big objects (tables, chairs)": [0.2732330077253213, 0.7336250618014583, 0.7344718541798809, 0.7334680677586082, 0.7266790428637931, 0.7306466738680236, 0.731401327604832, 0.7303467381739412, 0.7355072602097573, 0.7234090136018768, 0.7323876502626125], "Cleaning (Picking up stuff) / Starting conversation": [0.01719180657331923, 0.2962378227155248, 0.27959230114511996, 0.2953874530516491, 0.27421463837322624, 0.3101991192578709, 0.2995444028751445, 0.3075065566822398, 0.27524289181853356, 0.29893524272769323, 0.28695329919152324]}}