{"clients": 4, "Losses": [10.901083946228027, 0.23432804644107819, 0.23501770198345184, 0.22764037549495697, 0.22290267050266266, 0.22690139710903168, 0.22553651034832, 0.2238975465297699, 0.23023365437984467, 0.23066748678684235, 0.2290496975183487], "rmse": [3.3016791343688965, 0.4840744137763977, 0.4847862422466278, 0.4771167039871216, 0.47212567925453186, 0.47634169459342957, 0.474906861782074, 0.4731781482696533, 0.4798266887664795, 0.48027855157852173, 0.47859135270118713], "pearson": {"Vacuum cleaning": [-0.2009791117023113, 0.7550078045594392, 0.752069680120055, 0.7549477249096832, 0.7576970228050014, 0.7540937890675106, 0.7551159205802408, 0.7575438845795218, 0.7501528015412039, 0.7506659501648825, 0.754635285639766], "Mopping the floor": [-0.06643376263939844, 0.7583718628603052, 0.7580340105941462, 0.7618556536390806, 0.76027950930661, 0.7578490951340766, 0.7588175983252298, 0.7601458999983303, 0.7573462546748742, 0.7537344705076316, 0.7555768503055144], "Carry warm food": [0.07291235188649244, 0.36950088339003917, 0.355345571412906, 0.37560425213577814, 0.3804138068196101, 0.3857023397213384, 0.3712006363186546, 0.37092102915978853, 0.37641972222283904, 0.36938165216596847, 0.3746766594021697], "Carry cold food": [0.10292983904658393, 0.2837463180788968, 0.2589717839418732, 0.28481812093596987, 0.2896756833587517, 0.2949535337060444, 0.28088760059558426, 0.274933185870541, 0.28339629047372356, 0.28055389924310226, 0.28523250527472593], "Carry drinks": [-0.004244498617591397, 0.29562103786003807, 0.2715879544028869, 0.3029913296206507, 0.30094551633062466, 0.29459314873588577, 0.29137971080933306, 0.28503440350118975, 0.2948010932155137, 0.3021304020839033, 0.2918599890945596], "Carry small objects (plates, toys)": [-0.06475491852721053, 0.4748384818536538, 0.47072038178889253, 0.47386612026649233, 0.4803939212490354, 0.4775890204322542, 0.4645338189461299, 0.4717630722131347, 0.4637335435705881, 0.4620849230166468, 0.4605430868916989], "Carry big objects (tables, chairs)": [0.265978199440422, 0.7007282604736942, 0.6982233297035948, 0.7006826759202683, 0.7027593363518978, 0.7000674279801938, 0.7004584018453237, 0.7056276169454446, 0.7000143776227441, 0.6962021805606114, 0.6975688907484238], "Cleaning (Picking up stuff) / Starting conversation": [0.13408871375819673, 0.35030715973759946, 0.34647714308062066, 0.3666995077204643, 0.3748242880697542, 0.3611329317412925, 0.35154180265234214, 0.3687683012010398, 0.3294189316742993, 0.37456669607718396, 0.3486075876764038]}}