{"clients": 8, "Losses": [10.901083946228027, 0.24088047444820404, 0.22784115374088287, 0.2292456179857254, 0.22788386046886444, 0.22373013198375702, 0.2242448478937149, 0.22632716596126556, 0.22571399807929993, 0.22580885887145996, 0.2266896665096283], "rmse": [3.3016791343688965, 0.490795761346817, 0.4773270785808563, 0.4787960350513458, 0.47737181186676025, 0.4730012118816376, 0.47354498505592346, 0.4757385551929474, 0.47509366273880005, 0.47519350051879883, 0.47611936926841736], "pearson": {"Vacuum cleaning": [-0.2009791117023113, 0.7561110801912523, 0.7491449287622522, 0.7509372727815022, 0.7546325767830359, 0.7579872727998958, 0.7573073677407451, 0.754845968446011, 0.7556066775545303, 0.7574952503845828, 0.7566262931276273], "Mopping the floor": [-0.06643376263939844, 0.7584431192040696, 0.7559649230262321, 0.7574704879552087, 0.7569032301946735, 0.761769870713972, 0.7589264000737298, 0.7590900959824246, 0.760813166583388, 0.7606202616380492, 0.7613880768001481], "Carry warm food": [0.07291235188649244, 0.3769412979723786, 0.3752640926847734, 0.3758052932039378, 0.38069850647917847, 0.37737209278558925, 0.38778050658124524, 0.38559322448785904, 0.376895678095505, 0.3876175819750489, 0.3785154137699901], "Carry cold food": [0.10292983904658393, 0.2931633416975949, 0.29303352337524097, 0.28939828319468724, 0.2890348082743781, 0.28436650437335304, 0.29739415926457174, 0.2954077852863531, 0.2828558179103858, 0.2926855816279797, 0.2845806985940523], "Carry drinks": [-0.004244498617591397, 0.2965267791491442, 0.3027211628792986, 0.30121143402260064, 0.29836143831228734, 0.2985158179490749, 0.30468620245482203, 0.3057291419415434, 0.3025601343426623, 0.3008086205710237, 0.2944008987439528], "Carry small objects (plates, toys)": [-0.06475491852721053, 0.48089735747441154, 0.47087146178302375, 0.4781714268031896, 0.47483635235422295, 0.4699826893351965, 0.4697425368051333, 0.47004412485125446, 0.45678270897940976, 0.47058118761127155, 0.4704382612174795], "Carry big objects (tables, chairs)": [0.265978199440422, 0.7007980731499492, 0.69345224364187, 0.6978191557163305, 0.6986343286373637, 0.7020998526061449, 0.6999011611731885, 0.6987685457930498, 0.6994011677294439, 0.7021208415130927, 0.7029237299367063], "Cleaning (Picking up stuff) / Starting conversation": [0.13408871375819673, 0.3660120297898045, 0.3645703790171507, 0.36066351428336324, 0.3674971543111201, 0.3510666721367464, 0.3673878141608391, 0.37461598217997244, 0.3734243279565432, 0.37822187724862516, 0.3611654049690958]}}