{"clients": 3, "Losses": [10.901083946228027, 0.2419063150882721, 0.22985459864139557, 0.2289007306098938, 0.22469918429851532, 0.22698648273944855, 0.2275417447090149, 0.22475045919418335, 0.22340433299541473, 0.2239348292350769, 0.22554516792297363], "rmse": [3.3016791343688965, 0.4918397068977356, 0.47943150997161865, 0.4784356951713562, 0.4740244448184967, 0.4764309823513031, 0.47701334953308105, 0.47407853603363037, 0.4726566672325134, 0.47321751713752747, 0.4749159514904022], "pearson": {"Vacuum cleaning": [-0.2009791117023113, 0.7546431427903854, 0.7541960888049543, 0.7569441397313473, 0.7568739978224368, 0.7514001753559935, 0.7455703212581856, 0.7548219009354249, 0.7524975271809482, 0.7527589869676309, 0.7561296292123877], "Mopping the floor": [-0.06643376263939844, 0.7635700173728444, 0.7587648116471667, 0.7622421969149794, 0.763383629451572, 0.758530593399755, 0.7557005512866397, 0.7615948020006464, 0.7625156748823482, 0.7606467916264851, 0.7611519404868935], "Carry warm food": [0.07291235188649244, 0.3481744364955066, 0.3861946008270089, 0.37335531006770234, 0.38197521611370444, 0.38523058360690926, 0.3851608953376843, 0.36578882520041633, 0.38321090664665164, 0.37846827276945605, 0.3830676224459923], "Carry cold food": [0.10292983904658393, 0.22382439870289658, 0.28986658219334954, 0.2609285847634457, 0.284673712174625, 0.28694797744326717, 0.2956278281962745, 0.2696667842198845, 0.28441402765869017, 0.28834922066137825, 0.2896330789575439], "Carry drinks": [-0.004244498617591397, 0.17955450318200808, 0.29791779958415116, 0.2738401859752118, 0.30009999254561553, 0.3093514875389793, 0.3153170076638591, 0.28450693528896626, 0.3025022328413269, 0.2984298968921475, 0.3053010245449249], "Carry small objects (plates, toys)": [-0.06475491852721053, 0.4825648307117718, 0.4788144546571475, 0.47501877698310824, 0.47414865829439456, 0.46634923193150185, 0.4717835196473947, 0.46994499855611155, 0.47935021367339525, 0.4760794619578719, 0.46796605698363736], "Carry big objects (tables, chairs)": [0.265978199440422, 0.704032551694554, 0.7000839321063655, 0.7024045009449296, 0.7015281382847383, 0.6942624252542884, 0.6968254054730622, 0.6972277549519809, 0.6984190183622967, 0.6980598833529126, 0.7010811814544542], "Cleaning (Picking up stuff) / Starting conversation": [0.13408871375819673, 0.35674393888910627, 0.3666513163238835, 0.3319890447671659, 0.37033343726953216, 0.36598091934032, 0.38560061317432875, 0.3871215717087037, 0.38251235230232944, 0.3642535865929556, 0.38122821072709456]}}