{"clients": 7, "Losses": [10.901083946228027, 0.25254660844802856, 0.23105686902999878, 0.22997914254665375, 0.22564361989498138, 0.22594182193279266, 0.23027139902114868, 0.22332347929477692, 0.2256920337677002, 0.22614170610904694, 0.224512979388237], "rmse": [3.3016791343688965, 0.5025401711463928, 0.4806837737560272, 0.47956138849258423, 0.4750196039676666, 0.4753333628177643, 0.47986602783203125, 0.47257110476493835, 0.4750705361366272, 0.4755435883998871, 0.473827987909317], "pearson": {"Vacuum cleaning": [-0.2009791117023113, 0.7508181889200435, 0.7496726986687215, 0.7530821242469633, 0.7565909824580344, 0.7562904527995817, 0.7540841046677003, 0.7547494004563791, 0.7566084173261908, 0.7568401456472494, 0.7543629503810566], "Mopping the floor": [-0.06643376263939844, 0.7558527760076975, 0.7565312653958418, 0.7592150642752366, 0.7595778111207306, 0.761377639661841, 0.7611588892273383, 0.7595828631126917, 0.7618866916096609, 0.7627477630029526, 0.7622741385715727], "Carry warm food": [0.07291235188649244, 0.3607986593860369, 0.3416028170396713, 0.3677199026176192, 0.3810839589524796, 0.38153525751692136, 0.3726155972469885, 0.37792563915923094, 0.3762035569122721, 0.3790436812918957, 0.37009017533097505], "Carry cold food": [0.10292983904658393, 0.275481042550745, 0.2556367369299598, 0.27529048809096823, 0.2897494950377179, 0.2880627607927859, 0.28447573151525707, 0.27866431678883746, 0.28223423466547537, 0.28652092873237145, 0.27849930325538946], "Carry drinks": [-0.004244498617591397, 0.2989348600452436, 0.2834198359734633, 0.27505606928205983, 0.3015776913264064, 0.29585722610448006, 0.2933467799763265, 0.2902014481697068, 0.2920309146387049, 0.297456466979543, 0.29029768533360234], "Carry small objects (plates, toys)": [-0.06475491852721053, 0.4694157714335751, 0.44316592888519674, 0.4787355119226908, 0.47904681362705065, 0.48309747907133216, 0.47848063907351973, 0.4799167330304485, 0.4794526728480828, 0.4713256921914935, 0.4715170606383911], "Carry big objects (tables, chairs)": [0.265978199440422, 0.6968357982344716, 0.6972335516129268, 0.7025498828026234, 0.701608891316728, 0.7032474313895737, 0.7000429434121574, 0.6986530340260667, 0.7003590693432228, 0.7012413532068352, 0.7017695401069817], "Cleaning (Picking up stuff) / Starting conversation": [0.13408871375819673, 0.35657204460551234, 0.34795179624900274, 0.3508948922036517, 0.36559984708102683, 0.3640593952014526, 0.35694830126416344, 0.37171338781442725, 0.36766923808548607, 0.37847855791976354, 0.38617374877131244]}}