,round,Loss,RMSE
0,1.0,0.2679560780525207,0.5176447629928589
1,2.0,0.2623106837272644,0.5121627449989319
2,3.0,0.2811440825462341,0.5302301645278931
3,4.0,0.2605538666248321,0.5104447603225708
4,5.0,0.2601453363895416,0.5100443959236145
5,6.0,0.2565687298774719,0.5065261125564575
6,7.0,0.2587187588214874,0.5086440443992615
7,8.0,0.2587136924266815,0.5086390376091003
8,9.0,0.2561622262001037,0.50612473487854
0,10.0,0.2543792128562927,0.5043601393699646
