{"clients": 2, "Losses": [10.901083946228027, 0.2297971397638321, 0.23094217479228973, 0.2334238886833191, 0.2273704707622528, 0.23039469122886658, 0.22424259781837463, 0.23529194295406342, 0.23029828071594238, 0.2323179394006729, 0.2222473919391632], "rmse": [3.3016791343688965, 0.4793716073036194, 0.4805644154548645, 0.48313960433006287, 0.4768338203430176, 0.47999444603919983, 0.47354260087013245, 0.48506900668144226, 0.4798940122127533, 0.481993705034256, 0.4714312255382538], "pearson": {"Vacuum cleaning": [-0.2009791117023113, 0.751497623854893, 0.7525266107415692, 0.757374534796724, 0.7527138285986291, 0.7571071990790627, 0.7545825257767438, 0.7537364573216033, 0.755099774551804, 0.752501794991764, 0.7620983254412919], "Mopping the floor": [-0.06643376263939844, 0.7582300059778734, 0.7570339557057728, 0.7593390254071166, 0.7608155266672486, 0.7620494229756812, 0.7581443334547985, 0.7596105860110559, 0.7541653201181117, 0.7591106552247867, 0.7641909770394489], "Carry warm food": [0.07291235188649244, 0.35289988760797425, 0.3795983064798625, 0.37222452045700893, 0.38218668225909985, 0.37685772044711124, 0.38337826307246997, 0.3803309387607812, 0.3968721159344956, 0.38325779998416665, 0.38584625170722414], "Carry cold food": [0.10292983904658393, 0.257234193503354, 0.2782669732192291, 0.2704039184764939, 0.2994740219894585, 0.2719793300349303, 0.2872687684721225, 0.2890305753828106, 0.2964372345533311, 0.2859275422460149, 0.282080340974275], "Carry drinks": [-0.004244498617591397, 0.2656601474916945, 0.28933373284118896, 0.2869609342933233, 0.3079765594178892, 0.28974387784188493, 0.30094978637979364, 0.2992757724638137, 0.3109857867507869, 0.2883692874683719, 0.2942993306747752], "Carry small objects (plates, toys)": [-0.06475491852721053, 0.4772063924696111, 0.4615158466393813, 0.4638891749116468, 0.47141193658072134, 0.4719123426238606, 0.4510518771850999, 0.4624027716780975, 0.47081507502579983, 0.47687016079296174, 0.47001233238662515], "Carry big objects (tables, chairs)": [0.265978199440422, 0.6995678017147209, 0.6920148463340845, 0.698940276179974, 0.694695912331106, 0.7021092030901168, 0.6997897406457098, 0.698493110238072, 0.7003026450185582, 0.697705834870635, 0.7079044793360983], "Cleaning (Picking up stuff) / Starting conversation": [0.13408871375819673, 0.3257935691956988, 0.38298145825343166, 0.38930642370086915, 0.38064817526046113, 0.35057947536754347, 0.3905196867731968, 0.37334798849217843, 0.3537554180801284, 0.3709455145033684, 0.3575376887392912]}}