{"clients": 6, "Losses": [10.901083946228027, 0.2398715764284134, 0.22388355433940887, 0.22251884639263153, 0.22372908890247345, 0.2288288027048111, 0.22392818331718445, 0.22524408996105194, 0.22574858367443085, 0.22336651384830475, 0.2233746349811554], "rmse": [3.3016791343688965, 0.48976683616638184, 0.473163366317749, 0.47171902656555176, 0.47300007939338684, 0.47836053371429443, 0.47321048378944397, 0.47459885478019714, 0.4751300513744354, 0.47261667251586914, 0.4726252555847168], "pearson": {"Vacuum cleaning": [-0.2009791117023113, 0.7547254062713493, 0.7562401062784814, 0.7564661634195771, 0.7560424861562572, 0.7567139413215486, 0.7567257296760206, 0.7557315944696824, 0.7568334796786599, 0.7561454242455764, 0.7568274618699474], "Mopping the floor": [-0.06643376263939844, 0.7570504028032912, 0.7595708806516692, 0.7604270179105292, 0.7593264502250119, 0.7585484829584932, 0.7600709968650894, 0.7598182271978341, 0.7601751680342524, 0.7593095626875677, 0.7593943438801539], "Carry warm food": [0.07291235188649244, 0.34861392467481145, 0.3623890295344883, 0.3655189743948097, 0.36425307297839293, 0.3654169736932113, 0.3645993976570266, 0.36323529833295626, 0.365815550272646, 0.3628587502897813, 0.36605261013140256], "Carry cold food": [0.10292983904658393, 0.2596009455565145, 0.2673967185260144, 0.275002437557621, 0.27211944016129913, 0.2787127593345786, 0.2781451071709394, 0.2783207711922063, 0.2763711474923318, 0.27328348237233846, 0.2760058934129829], "Carry drinks": [-0.004244498617591397, 0.26410500348115296, 0.27875200802631694, 0.29274486090657903, 0.2625608145624238, 0.2837849399561141, 0.28929306042253033, 0.2948734012251619, 0.283984917797807, 0.2908349137754658, 0.2912685561115241], "Carry small objects (plates, toys)": [-0.06475491852721053, 0.47549720942411233, 0.4797758588513862, 0.4811298011166038, 0.48449467981514643, 0.4794794134249426, 0.4780899591130709, 0.47548421407955266, 0.4806200668931665, 0.4755769490403642, 0.477438481911978], "Carry big objects (tables, chairs)": [0.265978199440422, 0.7031865763297225, 0.7019353453741435, 0.7027999795253278, 0.702202580624564, 0.7012154938406459, 0.7018217715484029, 0.7005001986585567, 0.7021507139546128, 0.7015601658677992, 0.7019129887840964], "Cleaning (Picking up stuff) / Starting conversation": [0.13408871375819673, 0.34967423303899203, 0.3667177969590355, 0.36718305485362707, 0.3590343706844438, 0.3659246596087436, 0.36727388527742544, 0.3647935844145768, 0.35829285866379407, 0.36341860399038756, 0.3624545316285456]}}