{"clients": 8, "Losses": [10.901083946228027, 0.23793315887451172, 0.23395948112010956, 0.23183313012123108, 0.2324962615966797, 0.2307671457529068, 0.2356197088956833, 0.22965766489505768, 0.23216690123081207, 0.23230138421058655, 0.23230405151844025], "rmse": [3.3016791343688965, 0.48778390884399414, 0.48369356989860535, 0.48149052262306213, 0.482178658246994, 0.4803822934627533, 0.485406756401062, 0.47922611236572266, 0.4818369746208191, 0.4819765090942383, 0.4819793105125427], "pearson": {"Vacuum cleaning": [-0.2009791117023113, 0.7434535152791484, 0.746510616087378, 0.7480785746180861, 0.7488108450210628, 0.7475263673808693, 0.748018537177865, 0.7505477130449889, 0.7486967886441149, 0.7482068434222556, 0.7467267220267465], "Mopping the floor": [-0.06643376263939844, 0.7495694431279522, 0.7519873032791885, 0.7536538521049632, 0.7538362332365541, 0.7526434625331732, 0.7519507483694066, 0.755534607699815, 0.7533408624829323, 0.7531626448122094, 0.7522106506079459], "Carry warm food": [0.07291235188649244, 0.37315636148556, 0.3671657502229315, 0.3674709949282346, 0.36704189793599123, 0.37083275670292876, 0.3677146477652635, 0.3710604647649856, 0.3706928457624083, 0.36910920843041606, 0.3666390793864617], "Carry cold food": [0.10292983904658393, 0.29261213693581656, 0.29023140018342375, 0.2942018539411633, 0.2930277527331018, 0.2942333239216157, 0.29328775585330363, 0.294096856424433, 0.29448526842563566, 0.29476098309276655, 0.2946522489352447], "Carry drinks": [-0.004244498617591397, 0.2939544632784329, 0.3065405999297434, 0.3092795563528334, 0.3107382867376371, 0.3071862341617903, 0.31049927463515564, 0.30883285317360615, 0.3127080029589831, 0.3125656961502414, 0.3132180320853105], "Carry small objects (plates, toys)": [-0.06475491852721053, 0.46080711735176655, 0.46358705181883414, 0.45774131363944714, 0.45815358871242184, 0.4559940592669923, 0.45160875292346686, 0.45934947032590306, 0.45571226836023027, 0.4553832695485661, 0.4552691762833461], "Carry big objects (tables, chairs)": [0.265978199440422, 0.6886475800621642, 0.6917077638890412, 0.6914395613797601, 0.6918531547024735, 0.6905747094937097, 0.6901109842939112, 0.693791198447498, 0.6914168988404863, 0.6903665176577429, 0.690057605353228], "Cleaning (Picking up stuff) / Starting conversation": [0.13408871375819673, 0.33942470798493285, 0.34822765253918636, 0.35376098198436895, 0.352241755860413, 0.35160067620527463, 0.3496098255707758, 0.35477896827200894, 0.35021185091145407, 0.35256241977761327, 0.3519511751936266]}}