{"clients": 3, "Losses": [10.901083946228027, 0.23215314745903015, 0.23347137868404388, 0.2392842322587967, 0.2304082065820694, 0.22392576932907104, 0.222341388463974, 0.22839130461215973, 0.2305631786584854, 0.23041129112243652, 0.22515808045864105], "rmse": [3.3016791343688965, 0.4818227291107178, 0.4831887483596802, 0.48916691541671753, 0.4800085425376892, 0.473207950592041, 0.47153088450431824, 0.4779030382633209, 0.48016995191574097, 0.4800117611885071, 0.47450822591781616], "pearson": {"Vacuum cleaning": [-0.2009791117023113, 0.7538262553949665, 0.7469028766258875, 0.7514667709220667, 0.7517185343239214, 0.7578623596998867, 0.7557392084949951, 0.7535605000457269, 0.7494910277940604, 0.7515328531872493, 0.7540310033806845], "Mopping the floor": [-0.06643376263939844, 0.7598516228353482, 0.7532926933749563, 0.7568549783923236, 0.7611146538158052, 0.7651411363892565, 0.7641283013599717, 0.7625218039445134, 0.7556255563022837, 0.7583094954720732, 0.7638897293766669], "Carry warm food": [0.07291235188649244, 0.348069403451189, 0.37696216449865794, 0.37236322615446193, 0.3743350533164496, 0.3731115568500706, 0.37794148381573334, 0.37674590195118657, 0.3797551442391317, 0.3757043767143083, 0.3793954114407644], "Carry cold food": [0.10292983904658393, 0.24868861414963983, 0.2851832329350677, 0.2796709642085114, 0.2801524495250102, 0.2737049263110144, 0.2858960171917785, 0.2893274692583637, 0.2925764310916852, 0.27721916580165357, 0.27905406071447936], "Carry drinks": [-0.004244498617591397, 0.2259669969530611, 0.2846299125761842, 0.28506297862366137, 0.2905447712640677, 0.29401014712666734, 0.3078917657236869, 0.2985160304030891, 0.3053335941213532, 0.28944285761793437, 0.2916342961877173], "Carry small objects (plates, toys)": [-0.06475491852721053, 0.4821142675668112, 0.4811942813515273, 0.4791062667341768, 0.4672059096136475, 0.4746644543476374, 0.47370503279036474, 0.47971084581175333, 0.4712832834150835, 0.4624940177739003, 0.46859463161737086], "Carry big objects (tables, chairs)": [0.265978199440422, 0.7029340763947292, 0.695156588533966, 0.6994210942320096, 0.70047916868651, 0.7052009718105682, 0.7014389637382847, 0.7007237245531898, 0.692523153046505, 0.6958575012037245, 0.6984815626382488], "Cleaning (Picking up stuff) / Starting conversation": [0.13408871375819673, 0.359805895106954, 0.347437625744514, 0.36170659742276523, 0.36192261299953726, 0.36051929039276726, 0.3874678311522113, 0.3890629549261282, 0.37700673818571945, 0.3730978980594841, 0.38178373833655005]}}