{"clients": 2, "Losses": [10.901083946228027, 0.2371227741241455, 0.22602076828479767, 0.23469822108745575, 0.2260589450597763, 0.22649934887886047, 0.22759054601192474, 0.2311365008354187, 0.23010410368442535, 0.22855432331562042, 0.23109081387519836], "rmse": [3.3016791343688965, 0.486952543258667, 0.4754164218902588, 0.4844566285610199, 0.475456565618515, 0.4759194850921631, 0.47706449031829834, 0.4807665944099426, 0.47969168424606323, 0.4780735671520233, 0.48071905970573425], "pearson": {"Vacuum cleaning": [-0.2009791117023113, 0.7543777368387483, 0.7530085680988327, 0.7556703696601246, 0.7498852274821932, 0.7469489613269424, 0.7442563570570474, 0.7481712660587373, 0.7468980713678095, 0.756219665435574, 0.7468799899649408], "Mopping the floor": [-0.06643376263939844, 0.7591970058174676, 0.7588876924491638, 0.7622420652969435, 0.7588802066391226, 0.7546682055329653, 0.7553302051717106, 0.7555859391143425, 0.7571682706401863, 0.759354320823819, 0.7585472978257809], "Carry warm food": [0.07291235188649244, 0.33885850380532956, 0.37038552662924734, 0.3669176111687982, 0.38746214086762054, 0.38645576993174646, 0.37459062583814795, 0.3747050675976855, 0.3716847879318654, 0.35879778010024227, 0.36488475577943463], "Carry cold food": [0.10292983904658393, 0.2546948949731977, 0.2703777415246155, 0.2740479900372362, 0.3010502826343763, 0.30580346265577507, 0.28666683104807406, 0.29087008476697235, 0.28981880724062653, 0.2712423394760132, 0.2877923483184965], "Carry drinks": [-0.004244498617591397, 0.24257057526927792, 0.27335965059348516, 0.2736411292459961, 0.31131617842584947, 0.31368519683088525, 0.2911154731153398, 0.30413165073261594, 0.29635884461180934, 0.26815919317363723, 0.30873040521728123], "Carry small objects (plates, toys)": [-0.06475491852721053, 0.47856067248303896, 0.481030696376178, 0.47588530193699413, 0.4734667283999764, 0.48121772492762005, 0.4753501429934345, 0.4809109015485532, 0.48069258546060195, 0.4777305965256189, 0.4686617182241422], "Carry big objects (tables, chairs)": [0.265978199440422, 0.7010010973188753, 0.7029177297938137, 0.7041670639282244, 0.6971291734422392, 0.6954725994236414, 0.6912942432414396, 0.6930066060501571, 0.7018586161733869, 0.6996585108519289, 0.6949321604988267], "Cleaning (Picking up stuff) / Starting conversation": [0.13408871375819673, 0.33619465650457825, 0.35452457933793224, 0.33534480632215047, 0.37569352931595207, 0.36698364693968627, 0.3596506878728912, 0.3666950775911598, 0.35454786208800615, 0.37969950483003184, 0.37454286849715657]}}