{"clients": 9, "Losses": [10.901083946228027, 0.2432183176279068, 0.22574874758720398, 0.22667676210403442, 0.22566521167755127, 0.2246374636888504, 0.22660113871097565, 0.22318151593208313, 0.22804325819015503, 0.22681169211864471, 0.22529877722263336], "rmse": [3.3016791343688965, 0.49317169189453125, 0.47513025999069214, 0.47610580921173096, 0.47504231333732605, 0.473959356546402, 0.47602638602256775, 0.47242090106010437, 0.47753873467445374, 0.47624748945236206, 0.47465646266937256], "pearson": {"Vacuum cleaning": [-0.2009791117023113, 0.7571594576102986, 0.7553625389462185, 0.7532816506981879, 0.7530745204520747, 0.7547437809765577, 0.7507565796600141, 0.7574400833246315, 0.7534625597453836, 0.7550094492746184, 0.7557922941173186], "Mopping the floor": [-0.06643376263939844, 0.7587844735858007, 0.7608010690547214, 0.7601915437941933, 0.7598193131525748, 0.7608187843404426, 0.7580148642697712, 0.7633711157954292, 0.7584056152520441, 0.7597969870722313, 0.7618816987439477], "Carry warm food": [0.07291235188649244, 0.3682407599146684, 0.3709580906282662, 0.37501460913018764, 0.36978548175102005, 0.3737402985936137, 0.3751666871568572, 0.3702305145063334, 0.37647665598068336, 0.3746184699517169, 0.3728126295906841], "Carry cold food": [0.10292983904658393, 0.2710843959230692, 0.2835023503498403, 0.2881746753764067, 0.2828700960034857, 0.28710366952577154, 0.2915791518685416, 0.2841985551778105, 0.2847253076524636, 0.28789088480957803, 0.285209614722408], "Carry drinks": [-0.004244498617591397, 0.25349869167936273, 0.2916379678755087, 0.2978717601696324, 0.3016234064275431, 0.2972958971203462, 0.3028263660170209, 0.29337332509315833, 0.2895908040882121, 0.29739201030969786, 0.2912772208167871], "Carry small objects (plates, toys)": [-0.06475491852721053, 0.48046919953981276, 0.4820082609010419, 0.4797420053513391, 0.4741439271672284, 0.48321786808066813, 0.4769489001366003, 0.47945475940617416, 0.4725633466654197, 0.4689990722120682, 0.4714415412832091], "Carry big objects (tables, chairs)": [0.265978199440422, 0.7013982205944577, 0.7015840372170854, 0.7001847824541386, 0.6989297512129838, 0.7001102786538701, 0.6993978410843031, 0.7046404788277306, 0.6993418106209046, 0.7017540338647326, 0.7017687048272501], "Cleaning (Picking up stuff) / Starting conversation": [0.13408871375819673, 0.35968304457932115, 0.3646997198491562, 0.35944697619488397, 0.3610281638721408, 0.3713661896778667, 0.3602093830990355, 0.3695746785082699, 0.36596426153083145, 0.36129464396859146, 0.36373892723406653]}}