,round,Loss,RMSE
0,1.0,0.2740455269813537,0.5234935879707336
1,2.0,0.2738588452339172,0.5233152508735657
2,3.0,0.2771912813186645,0.5264895558357239
3,4.0,0.2847070693969726,0.5335794687271118
4,5.0,0.2699650824069977,0.5195816159248352
5,6.0,0.2740357518196106,0.5234842300415039
6,7.0,0.2723580002784729,0.5218793153762817
7,8.0,0.2742542922496795,0.5236929059028625
8,9.0,0.2739385962486267,0.5233914256095886
0,10.0,0.26629334688186646,0.5160362124443054
