{"clients": 9, "Losses": [10.901083946228027, 0.23029260337352753, 0.22664138674736023, 0.227290078997612, 0.22711847722530365, 0.22844628989696503, 0.22547920048236847, 0.2239985167980194, 0.22411857545375824, 0.22699996829032898, 0.22704371809959412], "rmse": [3.3016791343688965, 0.47988811135292053, 0.4760686755180359, 0.4767494797706604, 0.47656944394111633, 0.4779605567455292, 0.4748464822769165, 0.4732848107814789, 0.4734116792678833, 0.47644513845443726, 0.4764910340309143], "pearson": {"Vacuum cleaning": [-0.2009791117023113, 0.7548063171687918, 0.7535124599154721, 0.7543429996038941, 0.7548217724179391, 0.7551799388310413, 0.7568879558745468, 0.7581165602989834, 0.7573398651952118, 0.7572247993403576, 0.7571598573265846], "Mopping the floor": [-0.06643376263939844, 0.7577862298660178, 0.7596948487280214, 0.7581493251358301, 0.7593472554469628, 0.7601117882455155, 0.7610804786583799, 0.7611736207850153, 0.7609419479658108, 0.7614349200104048, 0.7615297086819518], "Carry warm food": [0.07291235188649244, 0.36781679168435116, 0.3720435840637792, 0.3702450861334563, 0.37198462633459245, 0.3744702429703217, 0.3729441729150352, 0.3752178430713118, 0.3818621338421084, 0.37753190582774526, 0.38106476153676555], "Carry cold food": [0.10292983904658393, 0.2823873313282405, 0.2888920625013508, 0.2778390592180332, 0.2747142200513393, 0.27983371397883877, 0.28004362432775115, 0.27995609593331583, 0.2897386535708116, 0.27885032243239627, 0.28588580502445143], "Carry drinks": [-0.004244498617591397, 0.2855878212682683, 0.29804418882126743, 0.2901235162765947, 0.2853590466884354, 0.294691794064513, 0.29779155109081923, 0.30007834244987264, 0.30648282848259023, 0.2841213290846927, 0.29624010731086714], "Carry small objects (plates, toys)": [-0.06475491852721053, 0.474844646525509, 0.47804285731128643, 0.4690333378735499, 0.4710815210103432, 0.46751773752012243, 0.4655189829556624, 0.46534066111183303, 0.46790096215772703, 0.4662133786244986, 0.4673620202810835], "Carry big objects (tables, chairs)": [0.265978199440422, 0.7019357830001117, 0.70008555543104, 0.697835883028734, 0.6993869435195487, 0.7000599897818434, 0.701512339669726, 0.701356641501421, 0.7026716837125012, 0.7009976568962131, 0.7008859164376512], "Cleaning (Picking up stuff) / Starting conversation": [0.13408871375819673, 0.36244792203545123, 0.35782231473146486, 0.3592721344533336, 0.35684492374367466, 0.36391685030373727, 0.3568295147759225, 0.36829395360849587, 0.37087024840300303, 0.35552477330275345, 0.3765335628648909]}}