{"clients": 4, "Losses": [11.0484037399292, 0.21262748539447784, 0.2143716961145401, 0.21545656025409698, 0.21285635232925415, 0.2122678905725479, 0.21071165800094604, 0.21743500232696533, 0.21085621416568756, 0.20941677689552307, 0.21322928369045258], "rmse": [3.323913812637329, 0.4611154794692993, 0.46300289034843445, 0.46417298913002014, 0.4613635838031769, 0.4607253968715668, 0.45903339982032776, 0.46629926562309265, 0.45919084548950195, 0.457620769739151, 0.4617675840854645], "pearson": {"Vacuum cleaning": [-0.09837794177262009, 0.7700565723947196, 0.7701346223524073, 0.7665523164647086, 0.7670374044548574, 0.7635623680367165, 0.7711031468756113, 0.7557735045536714, 0.7713590296352039, 0.7708248195770683, 0.7674816264815607], "Mopping the floor": [-0.04707994639063074, 0.7558328388434162, 0.7523819508567269, 0.7443727119050416, 0.7482665328060987, 0.7460938318310156, 0.751846258795157, 0.7381080415727773, 0.7530140331059171, 0.7551941729976467, 0.7506002946164508], "Carry warm food": [0.009278331691370918, 0.4172335774233333, 0.41095287254715807, 0.4275641749620065, 0.42771865371912055, 0.4391609370083459, 0.43092226188047317, 0.42112241215879326, 0.4285603101151092, 0.4359754570623674, 0.43442394928061245], "Carry cold food": [0.19357533912503855, 0.3503920934497453, 0.31636841045128794, 0.3628895961421909, 0.3575760232255407, 0.37923117608039875, 0.3595426302124339, 0.3553301850100156, 0.3647939595613048, 0.3698509974835107, 0.37363093845767836], "Carry drinks": [-0.03926929790881088, 0.39739142682355866, 0.36010181562637933, 0.3968283766974517, 0.3920929514251804, 0.4121285660271884, 0.39124809898192725, 0.3861912004874562, 0.40081394793372677, 0.40825585191673236, 0.4089750597420656], "Carry small objects (plates, toys)": [0.07987397754847043, 0.5162141359325519, 0.5339040685307143, 0.5063499751282972, 0.4970732520933168, 0.4998061676627243, 0.5180147107453907, 0.48717346115974286, 0.5034911749627167, 0.5207711729084685, 0.5153716698160822], "Carry big objects (tables, chairs)": [0.2732330077253213, 0.7300005772060619, 0.7332657600801152, 0.7293254597822921, 0.7298628352754787, 0.7277799075966823, 0.7372149474812432, 0.7223031210634437, 0.7344136548902944, 0.7353549061319418, 0.7342097607690197], "Cleaning (Picking up stuff) / Starting conversation": [0.01719180657331923, 0.2782586691701342, 0.3035938790636661, 0.28904418597060005, 0.28867980415724076, 0.2990613548387723, 0.3006512044317218, 0.284666109527241, 0.26096515808081144, 0.3045271227653086, 0.28993763348945945]}}