{"clients": 4, "Losses": [10.901083946228027, 0.2258104830980301, 0.2254696637392044, 0.2320280522108078, 0.23353062570095062, 0.22797095775604248, 0.2274044156074524, 0.2283942848443985, 0.23079758882522583, 0.22688081860542297, 0.22611360251903534], "rmse": [3.3016791343688965, 0.4751951992511749, 0.47483643889427185, 0.481692910194397, 0.48325005173683167, 0.477463036775589, 0.4768693745136261, 0.47790613770484924, 0.4804140031337738, 0.4763200581073761, 0.4755140542984009], "pearson": {"Vacuum cleaning": [-0.2009791117023113, 0.7514737583345276, 0.754656131135409, 0.7504551899280446, 0.7500294709639732, 0.7456856737411052, 0.7520264845321414, 0.7533311375989525, 0.7562662659470847, 0.7594874455582508, 0.7569595601481802], "Mopping the floor": [-0.06643376263939844, 0.7591743374108322, 0.7615664455901029, 0.7549613201269217, 0.7567250365321256, 0.7521642070278622, 0.7560223742071182, 0.7603292076291598, 0.7603608178367196, 0.7630118842404222, 0.7611400282005389], "Carry warm food": [0.07291235188649244, 0.37010465452463587, 0.3772434005515767, 0.38108239572870184, 0.3856692956244816, 0.3747378751724623, 0.3713603133522769, 0.3808356368578933, 0.377121412354609, 0.3599092610886559, 0.3827350540327445], "Carry cold food": [0.10292983904658393, 0.2898553498397964, 0.274597460767483, 0.2805233148897483, 0.29294714179793346, 0.28402411996457017, 0.2797732015896857, 0.29547104594569795, 0.29087051032906597, 0.2661310752219904, 0.29014422147791924], "Carry drinks": [-0.004244498617591397, 0.2973523029047644, 0.27730661519069605, 0.2835102308517227, 0.29793806093306185, 0.30242766511562613, 0.29994583253078416, 0.3136432885996637, 0.30772540792288594, 0.2840368789143934, 0.3050554021908895], "Carry small objects (plates, toys)": [-0.06475491852721053, 0.4676249475390609, 0.48022157549785416, 0.48121282303814306, 0.4777717456550144, 0.4619064664617787, 0.45639219691721716, 0.46013305092704837, 0.46909213599017485, 0.46453311333426994, 0.4709605104004103], "Carry big objects (tables, chairs)": [0.265978199440422, 0.70180492002636, 0.7009799096993615, 0.6946190451695935, 0.6960716452442637, 0.6976040265044912, 0.6967542657402122, 0.696506198713248, 0.7021530243142231, 0.7014639397013347, 0.6984423145985792], "Cleaning (Picking up stuff) / Starting conversation": [0.13408871375819673, 0.35325317003626666, 0.3511907620771193, 0.36907903204669396, 0.37898913379069327, 0.3801522984494824, 0.37338300809930225, 0.3531619801583373, 0.350911454508263, 0.3624868124739589, 0.3808390413982779]}}