{"clients": 7, "Losses": [10.901083946228027, 0.22755594551563263, 0.23033925890922546, 0.22759774327278137, 0.22657188773155212, 0.22580505907535553, 0.22743815183639526, 0.2304220050573349, 0.22241540253162384, 0.22519466280937195, 0.2239670604467392], "rmse": [3.3016791343688965, 0.4770282506942749, 0.47993671894073486, 0.4770720601081848, 0.47599565982818604, 0.4751894772052765, 0.4769047498703003, 0.4800228774547577, 0.47160932421684265, 0.47454679012298584, 0.4732515811920166], "pearson": {"Vacuum cleaning": [-0.2009791117023113, 0.7545583728290952, 0.7532439396107493, 0.750842154457081, 0.7542031099507328, 0.7556898174268407, 0.7495063188198418, 0.7546522357070896, 0.7573436365317265, 0.755153635206525, 0.7544311641888665], "Mopping the floor": [-0.06643376263939844, 0.7575450226044369, 0.7595816023289956, 0.7577524689937136, 0.7602715762652537, 0.7607402521044573, 0.7566982356779599, 0.7623519553462902, 0.7636213742567919, 0.7616042967996602, 0.7617923833039447], "Carry warm food": [0.07291235188649244, 0.3627391562019008, 0.3637418857522926, 0.38051550357147523, 0.37056847950559646, 0.37951970072491636, 0.38378474584139893, 0.37717664554135016, 0.3786280250400044, 0.37680829896486717, 0.38519603479341885], "Carry cold food": [0.10292983904658393, 0.26675069431010395, 0.2748990642326677, 0.2926182180128661, 0.2775282562628691, 0.28610275646124816, 0.29245547399296, 0.28349263737266556, 0.28345754991011146, 0.2884216313146058, 0.2922506388102047], "Carry drinks": [-0.004244498617591397, 0.2903316892200926, 0.2834202473556618, 0.30481797997397775, 0.2825811770507896, 0.29468010917179543, 0.3010197607372355, 0.29356799540792794, 0.2905402819900425, 0.29632702843004743, 0.3003370866506117], "Carry small objects (plates, toys)": [-0.06475491852721053, 0.46402265232610124, 0.4774706652156337, 0.4774518666044124, 0.4804881580218776, 0.48329967446618355, 0.4762971795388181, 0.48078953308138034, 0.4822121636387669, 0.47819668349827343, 0.4815265439580962], "Carry big objects (tables, chairs)": [0.265978199440422, 0.699570103386103, 0.6986863618753979, 0.6971051208832179, 0.6996487762301158, 0.701946358570131, 0.6946601791134819, 0.7024293301085679, 0.701761724125695, 0.7019065634891414, 0.7001947830256673], "Cleaning (Picking up stuff) / Starting conversation": [0.13408871375819673, 0.35025535465512986, 0.354692029743744, 0.3671329817415253, 0.34415020738238095, 0.34676388334378, 0.37123696533396283, 0.3709509633599983, 0.3692572628054082, 0.37643879197369035, 0.3735828758477984]}}