{"clients": 10, "Losses": [10.901083946228027, 0.2316918820142746, 0.23086164891719818, 0.22805297374725342, 0.2324523776769638, 0.2252861112356186, 0.22817327082157135, 0.22459609806537628, 0.22544850409030914, 0.2249370664358139, 0.22747062146663666], "rmse": [3.3016791343688965, 0.4813438355922699, 0.4804806411266327, 0.4775489270687103, 0.482133150100708, 0.47464314103126526, 0.4776748716831207, 0.4739157557487488, 0.47481417655944824, 0.47427529096603394, 0.47693878412246704], "pearson": {"Vacuum cleaning": [-0.2009791117023113, 0.75532693861645, 0.7499475038840019, 0.7523904065302096, 0.7537663752524395, 0.7521614368542356, 0.754721264127192, 0.7555688169821069, 0.7523457970085915, 0.7561621170808719, 0.7515148788523176], "Mopping the floor": [-0.06643376263939844, 0.7568575352512915, 0.7561696558966982, 0.7584295020308157, 0.7592993744933035, 0.7591227477653743, 0.7601598601370704, 0.7598599087425941, 0.7590225247146845, 0.7630291646251922, 0.7599431371581307], "Carry warm food": [0.07291235188649244, 0.37012278682966687, 0.370012931495067, 0.3777717358963925, 0.3711770034279686, 0.3737369492541521, 0.37432409496767177, 0.3815334310868871, 0.3816014305976181, 0.377203962059064, 0.3787947639211697], "Carry cold food": [0.10292983904658393, 0.2835333787849575, 0.28369613643995195, 0.2880826639427995, 0.2798118953539891, 0.28308179849939086, 0.2757678055370403, 0.28353492711419676, 0.2885533492532076, 0.2779885386610657, 0.28132820640841927], "Carry drinks": [-0.004244498617591397, 0.289097801302885, 0.2913759906019149, 0.2956109759482189, 0.29680855327738354, 0.30209382341945396, 0.2851678705842843, 0.2956489284199335, 0.3083935793298888, 0.283454730545, 0.2980099780494721], "Carry small objects (plates, toys)": [-0.06475491852721053, 0.4716171104936811, 0.4826564071217747, 0.4848478889526038, 0.4687977897783933, 0.4687145958786869, 0.475417953822564, 0.47711020259162507, 0.47171193455064164, 0.48127521961802205, 0.4682454244302835], "Carry big objects (tables, chairs)": [0.265978199440422, 0.6987062016708689, 0.6979665252390653, 0.6990922390330314, 0.7009606746345152, 0.7007079641522588, 0.701746048861057, 0.7009617198874154, 0.6992742873991098, 0.7027440246660883, 0.7000160492316188], "Cleaning (Picking up stuff) / Starting conversation": [0.13408871375819673, 0.36272819877864154, 0.35659151608472905, 0.35749830472834615, 0.3527498240400084, 0.3546552038845816, 0.3464509398883581, 0.36583656492238525, 0.37555762504601964, 0.3717029475462313, 0.36804876473109327]}}