{"clients": 6, "Losses": [10.901083946228027, 0.22589059174060822, 0.2358199954032898, 0.2282341718673706, 0.22580043971538544, 0.22762629389762878, 0.2245192676782608, 0.22547487914562225, 0.22695450484752655, 0.2285270243883133, 0.2287391573190689], "rmse": [3.3016791343688965, 0.47527948021888733, 0.48561304807662964, 0.4777385890483856, 0.4751846492290497, 0.47710198163986206, 0.4738346338272095, 0.4748419523239136, 0.47639742493629456, 0.4780450165271759, 0.4782668352127075], "pearson": {"Vacuum cleaning": [-0.2009791117023113, 0.7541374009809627, 0.7501630712917641, 0.7536587036760017, 0.7545079720467308, 0.754573143291446, 0.7537432397214348, 0.7564375481208246, 0.7540515042132967, 0.7524618719636307, 0.756142996409282], "Mopping the floor": [-0.06643376263939844, 0.757569511300622, 0.7527204507397345, 0.7584791598365256, 0.7600443505153588, 0.7610048006452869, 0.7611917470160545, 0.7616583203582848, 0.7618878671543697, 0.7595899631488056, 0.7629721972128399], "Carry warm food": [0.07291235188649244, 0.36425858814489276, 0.3779145499749433, 0.3664476304922763, 0.38245552749116757, 0.37348109794356515, 0.380167392877077, 0.36766143149368613, 0.3697349615888434, 0.3696372330358818, 0.37087480755990276], "Carry cold food": [0.10292983904658393, 0.2746196447120905, 0.2863408924978331, 0.2673008058133103, 0.2854323324937336, 0.2743365050752812, 0.2814192569756127, 0.27601672435750607, 0.27529504145258926, 0.2847901615528065, 0.2852534625476512], "Carry drinks": [-0.004244498617591397, 0.29707350743333666, 0.2873620427605291, 0.2804041024971684, 0.295023053852883, 0.2767683335185724, 0.29155623159415683, 0.28582215226892727, 0.28470253972453474, 0.29880765401319065, 0.2937822337808543], "Carry small objects (plates, toys)": [-0.06475491852721053, 0.4720076829159611, 0.47582664385547263, 0.4725187084110631, 0.47943976949491157, 0.48580166446503686, 0.48132998020541984, 0.48113865693636837, 0.48319730345956463, 0.4753389456461157, 0.4828769014292139], "Carry big objects (tables, chairs)": [0.265978199440422, 0.6993498811497071, 0.6939125831605617, 0.7005604457860564, 0.6983904060195942, 0.7011282322192978, 0.702444523926809, 0.7034768023316392, 0.7003214239645663, 0.7006973301485983, 0.7025975735351118], "Cleaning (Picking up stuff) / Starting conversation": [0.13408871375819673, 0.35210469399137717, 0.35454855705394805, 0.33568409023883417, 0.3644680582781403, 0.3636869006872947, 0.3739551603591655, 0.36600472200225276, 0.37183379580653614, 0.363977406899018, 0.38021849360874044]}}