{"clients": 3, "Losses": [10.901083946228027, 0.22992539405822754, 0.23094528913497925, 0.2240840196609497, 0.22786682844161987, 0.22372929751873016, 0.22626405954360962, 0.2267441600561142, 0.2242499440908432, 0.22565487027168274, 0.22561337053775787], "rmse": [3.3016791343688965, 0.47950536012649536, 0.48056766390800476, 0.473375141620636, 0.47735396027565, 0.47300031781196594, 0.47567224502563477, 0.47617658972740173, 0.47355034947395325, 0.47503143548965454, 0.4749877452850342], "pearson": {"Vacuum cleaning": [-0.2009791117023113, 0.7561393923856796, 0.7581475329570211, 0.7582339733003921, 0.7585484253072641, 0.7578293845243574, 0.7580256654948566, 0.7562809072490414, 0.7576126045709661, 0.7591124366059461, 0.758322142013117], "Mopping the floor": [-0.06643376263939844, 0.7590267591023528, 0.7620172589305556, 0.7611641033143205, 0.7588933452458144, 0.7601793161474731, 0.7626827351813085, 0.7591077608643307, 0.7633402804226516, 0.7652206935573299, 0.7639708004838013], "Carry warm food": [0.07291235188649244, 0.36910697188624125, 0.37896238109931296, 0.38475916127717824, 0.37900942450263686, 0.38155630679285485, 0.38045351953557366, 0.37875161533600193, 0.38109924683757007, 0.37917327670413103, 0.3818226975177594], "Carry cold food": [0.10292983904658393, 0.2851966297495226, 0.28910952461231965, 0.2906162207165672, 0.2791576354468753, 0.2849593739531263, 0.28522273892443906, 0.2899957091793818, 0.28905003154291614, 0.28402016143787856, 0.28736161639179336], "Carry drinks": [-0.004244498617591397, 0.26877912958151307, 0.3055677759080858, 0.30255185397434997, 0.30544634808072013, 0.30033738517825465, 0.3001951192607352, 0.30499857221645954, 0.3057540692393904, 0.30570776822780626, 0.30525736466881703], "Carry small objects (plates, toys)": [-0.06475491852721053, 0.48498861781641106, 0.47281079466960396, 0.479118518872979, 0.47063936236141024, 0.47801770930404236, 0.4757982604290716, 0.47068397780187166, 0.48053880526748005, 0.4785780119561599, 0.48067211544257116], "Carry big objects (tables, chairs)": [0.265978199440422, 0.6969114035802179, 0.6989385492651633, 0.6988465189065551, 0.6990866249154395, 0.6994603530903125, 0.7017664074535677, 0.6954754097120349, 0.6996399197003966, 0.7008846073253553, 0.7008973123628996], "Cleaning (Picking up stuff) / Starting conversation": [0.13408871375819673, 0.3639895917131519, 0.37362604034621194, 0.37381863644010066, 0.36401679132544745, 0.3663691341465303, 0.37111487866971393, 0.3709525484992393, 0.3707618845828071, 0.3706819705457889, 0.3717764380840402]}}