{"clients": 6, "Losses": [11.0484037399292, 0.2179611474275589, 0.21627011895179749, 0.21329064667224884, 0.21286466717720032, 0.21315371990203857, 0.21407856047153473, 0.21759101748466492, 0.21491405367851257, 0.21493259072303772, 0.2141319215297699], "rmse": [3.323913812637329, 0.46686309576034546, 0.46504852175712585, 0.46183401346206665, 0.46137258410453796, 0.46168574690818787, 0.4626862406730652, 0.4664665162563324, 0.46358823776245117, 0.4636082351207733, 0.4627439081668854], "pearson": {"Vacuum cleaning": [-0.09837794177262009, 0.7704497073247695, 0.7627627604262303, 0.766459340044456, 0.7661361947864362, 0.7713927747207657, 0.7675435215758479, 0.7630373554009237, 0.7656209665136048, 0.7644679057578312, 0.7629125387132505], "Mopping the floor": [-0.04707994639063074, 0.7569799003555938, 0.7446215075300012, 0.7489694308733618, 0.7482928839243458, 0.7542375553583306, 0.7522483984486812, 0.7479010920283555, 0.7481330034883659, 0.7481015135457966, 0.7496679546125405], "Carry warm food": [0.009278331691370918, 0.41334203724187224, 0.4272562840652104, 0.4268702482657443, 0.4243842606023839, 0.43175323537373217, 0.4169687516491708, 0.42307197144769726, 0.4209424475075381, 0.43263418075254, 0.4322149331309417], "Carry cold food": [0.19357533912503855, 0.3566554356985523, 0.37178723896169613, 0.36607949714218146, 0.3625179049498121, 0.36605538530714604, 0.3527772332636844, 0.3488849105796654, 0.36009781883417835, 0.3661213151952939, 0.36932240682006723], "Carry drinks": [-0.03926929790881088, 0.38240123269756743, 0.4069532202584124, 0.39937514777473987, 0.39804245495230206, 0.40282266086702306, 0.38847508902052263, 0.37993327328930543, 0.3917708478558545, 0.4032567444744042, 0.4037436949601856], "Carry small objects (plates, toys)": [0.07987397754847043, 0.5088805447324559, 0.512015625011948, 0.5098361893970763, 0.5113156256297553, 0.528243413364398, 0.5056117398776743, 0.5144514364568679, 0.5021654591237977, 0.5110319003532257, 0.5096331177049415], "Carry big objects (tables, chairs)": [0.2732330077253213, 0.7264185280391343, 0.7213766140549047, 0.7295495078319225, 0.7274810956087705, 0.7352772139031513, 0.731156308169643, 0.728920819388982, 0.72767654774024, 0.7297063951004974, 0.7294302699305384], "Cleaning (Picking up stuff) / Starting conversation": [0.01719180657331923, 0.24523179435633122, 0.28931787656383906, 0.29041952611565247, 0.2726750368286461, 0.26762551078916047, 0.2774696931306136, 0.28068665010908267, 0.27633063376863676, 0.2725384737119036, 0.28282908740431006]}}