{"clients": 5, "Losses": [10.901083946228027, 0.2345539629459381, 0.22355449199676514, 0.22709140181541443, 0.22442342340946198, 0.2231171727180481, 0.22512874007225037, 0.22487454116344452, 0.22392010688781738, 0.2235218584537506, 0.22355332970619202], "rmse": [3.3016791343688965, 0.4843077063560486, 0.47281548380851746, 0.47654110193252563, 0.47373348474502563, 0.4723528027534485, 0.4744773507118225, 0.47420936822891235, 0.4732019603252411, 0.4727809727191925, 0.47281426191329956], "pearson": {"Vacuum cleaning": [-0.2009791117023113, 0.7545257701716427, 0.7574694464149043, 0.7550020942573368, 0.7564405858498706, 0.7569983631778016, 0.7562909557708091, 0.7565713522989879, 0.7564549446700559, 0.7573196785081707, 0.7566467387934755], "Mopping the floor": [-0.06643376263939844, 0.7543151275289104, 0.761253384364429, 0.7607336062482221, 0.7600087368227323, 0.7611976525067773, 0.7626895004435664, 0.7607797030343767, 0.7616543555534384, 0.7616820885469819, 0.7613310187047289], "Carry warm food": [0.07291235188649244, 0.36677720354308607, 0.36769282524255215, 0.37056837181749, 0.37397812963764, 0.37479848864961846, 0.37360299668524743, 0.37185285068990825, 0.37652021290333615, 0.37944301880656567, 0.3750404816033724], "Carry cold food": [0.10292983904658393, 0.2690962282399279, 0.2888099354775277, 0.29267697446296614, 0.29267243601727383, 0.2923231608286925, 0.2923257144269514, 0.2870976946651729, 0.2888767267144992, 0.2863845553821568, 0.28955359004378695], "Carry drinks": [-0.004244498617591397, 0.26370366710262866, 0.3086009626560974, 0.29580092402863506, 0.3022270139433424, 0.3054773966821504, 0.3058373159542821, 0.3121974573123765, 0.3064845058197078, 0.30175738893159587, 0.309095832078633], "Carry small objects (plates, toys)": [-0.06475491852721053, 0.4734543088034709, 0.4852570288629753, 0.4876318694293947, 0.4821421615235357, 0.48229854180402965, 0.4843391278178499, 0.4810952890808844, 0.4816094470468238, 0.48054685706918987, 0.4815268457914108], "Carry big objects (tables, chairs)": [0.265978199440422, 0.6948496835781117, 0.7028432121805086, 0.7034004593484979, 0.701132678108468, 0.7025397996910854, 0.7025899413247394, 0.7024552400072291, 0.7021719756002526, 0.7023025664343148, 0.7011301274652632], "Cleaning (Picking up stuff) / Starting conversation": [0.13408871375819673, 0.3550648817181061, 0.36886614290685144, 0.3646114522500798, 0.36461814535474657, 0.36419808186415015, 0.36523640270500424, 0.360231461153833, 0.360334433499566, 0.36023679075419185, 0.3606568632616653]}}