{"clients": 8, "Losses": [11.0484037399292, 0.2127789705991745, 0.21183368563652039, 0.21320511400699615, 0.22004520893096924, 0.2199450582265854, 0.21208712458610535, 0.21365663409233093, 0.21106399595737457, 0.213072270154953, 0.21314705908298492], "rmse": [3.323913812637329, 0.4612797200679779, 0.46025392413139343, 0.4617414176464081, 0.4690897464752197, 0.4689830243587494, 0.4605291783809662, 0.46223005652427673, 0.4594170153141022, 0.4615975022315979, 0.46167850494384766], "pearson": {"Vacuum cleaning": [-0.09837794177262009, 0.7644821264582434, 0.7732096619995233, 0.7701805682072601, 0.767866679592133, 0.7625910475391721, 0.7692164496773747, 0.7666253615894602, 0.773271013957795, 0.7623283822903986, 0.7652044657546282], "Mopping the floor": [-0.04707994639063074, 0.749306702940402, 0.7563113715920264, 0.7530668128472361, 0.7506490878809624, 0.7427174025482338, 0.7504375616704869, 0.7489939160654643, 0.7550056680005437, 0.7461684190011489, 0.7490845901712039], "Carry warm food": [0.009278331691370918, 0.4130723753145825, 0.4173263546125654, 0.4248232451293113, 0.42254089036910486, 0.41837358856500484, 0.4223000364095978, 0.42439659297797655, 0.4175207370778347, 0.4197110678679909, 0.4274444021198572], "Carry cold food": [0.19357533912503855, 0.3621012609587021, 0.3453927658923169, 0.36671396226629005, 0.35091868549646854, 0.3493837468481081, 0.3565860506044068, 0.35839240596391914, 0.35361356461011817, 0.3653511287361029, 0.36720406683826534], "Carry drinks": [-0.03926929790881088, 0.39584820166812523, 0.38654637778303924, 0.40138019554685933, 0.3883645262106667, 0.3863255461818675, 0.3939351644292245, 0.3928452821927794, 0.3821908175396216, 0.39622208267497544, 0.39932514449483064], "Carry small objects (plates, toys)": [0.07987397754847043, 0.5179915294107356, 0.5258266099530698, 0.512939936780643, 0.5189673910657719, 0.5063386463984564, 0.5144402804311305, 0.5043940776896284, 0.4968489291472499, 0.4969175928336896, 0.5008786174068635], "Carry big objects (tables, chairs)": [0.2732330077253213, 0.7262204890449562, 0.7352430818631298, 0.7305032566497371, 0.7300638983411258, 0.721680207931128, 0.7297792424776983, 0.7298239294648258, 0.732896821571771, 0.7249206441643846, 0.7295887584396772], "Cleaning (Picking up stuff) / Starting conversation": [0.01719180657331923, 0.2793621281822089, 0.2885747551823522, 0.2916875470659129, 0.29328566766569564, 0.2880090399684109, 0.2871105946275585, 0.2892245539933452, 0.28441222133877037, 0.2897559986770868, 0.2829072154488602]}}