,round,Loss,RMSE
0,1.0,0.1335703879594802,0.3654728233814239
1,2.0,0.1335673779249191,0.365468680858612
2,3.0,0.1410795152187347,0.3756055235862732
3,4.0,0.1436359584331512,0.3789933621883392
4,5.0,0.1458429396152496,0.3818938732147217
5,6.0,0.1421370506286621,0.3770106732845306
6,7.0,0.1441200971603393,0.3796315491199493
7,8.0,0.1478004902601242,0.3844482898712158
8,9.0,0.1458532363176345,0.3819073736667633
0,10.0,0.14572881162166595,0.3817444145679474
