{"clients": 10, "Losses": [10.901083946228027, 0.24647103250026703, 0.23670849204063416, 0.22906559705734253, 0.22871877253055573, 0.22689899802207947, 0.22994154691696167, 0.23272834718227386, 0.230661541223526, 0.23358763754367828, 0.23102934658527374], "rmse": [3.3016791343688965, 0.4964584708213806, 0.4865269660949707, 0.47860798239707947, 0.47824549674987793, 0.4763391613960266, 0.4795222282409668, 0.4824192523956299, 0.4802723228931427, 0.4833090305328369, 0.48065513372421265], "pearson": {"Vacuum cleaning": [-0.2009791117023113, 0.7561242582999411, 0.7548930087756037, 0.7552204164413889, 0.7541689188888545, 0.7548891717404174, 0.7546751275568733, 0.7543397646449026, 0.754421435437767, 0.7539971502059647, 0.7554159571355674], "Mopping the floor": [-0.06643376263939844, 0.7595081878172767, 0.7603035949098473, 0.7604751211430185, 0.7597284330840958, 0.760111793711552, 0.7598490677014046, 0.7596826040240463, 0.7593098985307694, 0.7588580329290329, 0.7598441425302067], "Carry warm food": [0.07291235188649244, 0.36388480493126096, 0.36770166747558036, 0.3694989616312239, 0.37367060721978257, 0.3732054288894991, 0.3718754922153107, 0.3718826414370739, 0.371481245877834, 0.37330063117808543, 0.3729910937669009], "Carry cold food": [0.10292983904658393, 0.2828471673714929, 0.2866805294269942, 0.2858284934314083, 0.28677307231064936, 0.2901021423767794, 0.28698336007808656, 0.2880941344253063, 0.28713498185705066, 0.2870971503285555, 0.2874769734743889], "Carry drinks": [-0.004244498617591397, 0.2865733638338772, 0.2865920071309057, 0.2823615285511629, 0.29954750035166644, 0.2957503201900823, 0.28928134715446424, 0.2918608350605679, 0.29366148495447125, 0.2984531812132446, 0.2964710252975268], "Carry small objects (plates, toys)": [-0.06475491852721053, 0.4792193604820714, 0.48573282625895614, 0.4824391059524628, 0.47484436614304865, 0.477877917349267, 0.47931727750225994, 0.4775246557306689, 0.4756196621063695, 0.47224557985801663, 0.47594713625764823], "Carry big objects (tables, chairs)": [0.265978199440422, 0.7030553151773479, 0.7022404834054363, 0.7015110898810748, 0.7003710044777834, 0.7009504607439867, 0.7005517110923782, 0.7004974378230283, 0.7004422608246599, 0.6999666801250501, 0.7010142389453227], "Cleaning (Picking up stuff) / Starting conversation": [0.13408871375819673, 0.3356868474051636, 0.3460745341567388, 0.35484192990322466, 0.3565745164934766, 0.3525065357769246, 0.35063447255649216, 0.3463427761675585, 0.3455803468459086, 0.3480724686563341, 0.3460642454102982]}}