{"clients": 6, "Losses": [10.901083946228027, 0.2460419088602066, 0.22869069874286652, 0.2300206869840622, 0.22500447928905487, 0.2271186113357544, 0.2280011624097824, 0.22705037891864777, 0.2251529097557068, 0.23333582282066345, 0.2288489192724228], "rmse": [3.3016791343688965, 0.4960261285305023, 0.47821614146232605, 0.47960472106933594, 0.4743463695049286, 0.47656962275505066, 0.47749465703964233, 0.4764980375766754, 0.4745028018951416, 0.4830484688282013, 0.47838160395622253], "pearson": {"Vacuum cleaning": [-0.2009791117023113, 0.7563181676498711, 0.7541423787813296, 0.7549888721687998, 0.7583197830742308, 0.7544675714282777, 0.7538843875788176, 0.7579832637562322, 0.7567760117915926, 0.753502613255844, 0.7517968907833591], "Mopping the floor": [-0.06643376263939844, 0.7596965281122201, 0.7600206832803721, 0.761959543702689, 0.7634704779556704, 0.7588456747428541, 0.7577654486660494, 0.763293591209879, 0.7619208918151984, 0.760168460170202, 0.7570783368018812], "Carry warm food": [0.07291235188649244, 0.35962218148775554, 0.3715085240068015, 0.3717460322589946, 0.37385900803651245, 0.3743925419417467, 0.3741205231827908, 0.3707549231500477, 0.37707845649283295, 0.37211159602751503, 0.3762535706107383], "Carry cold food": [0.10292983904658393, 0.2642794444741205, 0.2869918352459917, 0.2836211000528461, 0.28952060990508105, 0.2878145211659796, 0.2902513780813929, 0.28029304437347125, 0.28393395163453994, 0.2782839455463684, 0.28391892481803355], "Carry drinks": [-0.004244498617591397, 0.28468883812965745, 0.30282454630775535, 0.28956371838776834, 0.29453608077016674, 0.29610193312420796, 0.3023121457646353, 0.2940339606153166, 0.2962760635847893, 0.2916798447083732, 0.30299119447362516], "Carry small objects (plates, toys)": [-0.06475491852721053, 0.46601456370006267, 0.4822665908515087, 0.4820119406025067, 0.4810236929545932, 0.47111012061106194, 0.46055743551349526, 0.4639892544157915, 0.4640935850135192, 0.4684337512854555, 0.45899718652642035], "Carry big objects (tables, chairs)": [0.265978199440422, 0.7013402595030371, 0.6999957073371972, 0.7008884100686021, 0.7013698834697208, 0.6983369892662797, 0.6975930668397926, 0.7014954175360516, 0.6981720351981965, 0.6992696899985669, 0.6976095528641417], "Cleaning (Picking up stuff) / Starting conversation": [0.13408871375819673, 0.38326997745717484, 0.3724131402349379, 0.3662174536119249, 0.35641524609131114, 0.35628904666758654, 0.37512364389955233, 0.36197261394701585, 0.3745581182969733, 0.3627834867442432, 0.3622088587294772]}}