{"clients": 9, "Losses": [10.901083946228027, 0.23769783973693848, 0.22509823739528656, 0.2264835238456726, 0.22795799374580383, 0.22591820359230042, 0.22811384499073029, 0.226588636636734, 0.2266317754983902, 0.2276533842086792, 0.22955697774887085], "rmse": [3.3016791343688965, 0.48754265904426575, 0.4744452238082886, 0.47590285539627075, 0.4774494767189026, 0.47530853748321533, 0.4776126444339752, 0.47601327300071716, 0.47605857253074646, 0.47713035345077515, 0.47912105917930603], "pearson": {"Vacuum cleaning": [-0.2009791117023113, 0.7552435717163942, 0.752204272644798, 0.7535665588431906, 0.7522049003022908, 0.753436844954735, 0.7535784602164564, 0.7533369174143484, 0.7524906249669129, 0.7536950134274504, 0.7536729222711561], "Mopping the floor": [-0.06643376263939844, 0.7584451239780008, 0.7564023794807325, 0.7575394336085999, 0.7569777517363405, 0.7567616981182693, 0.7570954906509564, 0.7556630935912025, 0.7560086399348195, 0.7565055364066168, 0.7568088229302224], "Carry warm food": [0.07291235188649244, 0.3730866290862202, 0.36413473316983425, 0.3703952983172842, 0.3673518517370002, 0.3670716299011241, 0.3675797890801008, 0.3705904969403778, 0.37104801078449545, 0.3707698639884852, 0.371747361234216], "Carry cold food": [0.10292983904658393, 0.2799787927247959, 0.28718139267721193, 0.2912872706158402, 0.2942384684236198, 0.2936830882759639, 0.2933581671147568, 0.29229790126026256, 0.2941733067778622, 0.292549130488547, 0.2922256581694848], "Carry drinks": [-0.004244498617591397, 0.2824278447731317, 0.3008445698781161, 0.30005954996616785, 0.30632358941171983, 0.30912131550263794, 0.30843718049643354, 0.3051478200478622, 0.31222964057581765, 0.3094851211537497, 0.3112722607571], "Carry small objects (plates, toys)": [-0.06475491852721053, 0.4828420685339325, 0.4760553441400387, 0.47852509363485923, 0.4724738105835434, 0.47192752047588715, 0.4729425066995753, 0.4724586284395174, 0.4717984345008827, 0.47190193200812103, 0.47488430785764124], "Carry big objects (tables, chairs)": [0.265978199440422, 0.699031433733905, 0.6969563518490925, 0.696556036198407, 0.6961746525880621, 0.695986751877858, 0.6959176176318741, 0.6956923005325067, 0.6955846707717974, 0.6962933718250615, 0.6967909826001175], "Cleaning (Picking up stuff) / Starting conversation": [0.13408871375819673, 0.3375514610484988, 0.35603962080901863, 0.3564069751257194, 0.3517171813626343, 0.35746557327783085, 0.3575246155867461, 0.35652447033831, 0.35700089324748435, 0.35487220039840167, 0.35255265173006506]}}