{"clients": 7, "Losses": [10.901083946228027, 0.24156048893928528, 0.2412860095500946, 0.23687143623828888, 0.23910114169120789, 0.23079226911067963, 0.23695772886276245, 0.22888189554214478, 0.23831872642040253, 0.22973470389842987, 0.23865240812301636], "rmse": [3.3016791343688965, 0.4914880394935608, 0.4912087023258209, 0.4866943657398224, 0.4889797270298004, 0.4804084300994873, 0.48678305745124817, 0.4784160256385803, 0.4881789982318878, 0.47930648922920227, 0.48852062225341797], "pearson": {"Vacuum cleaning": [-0.2009791117023113, 0.7549282508158929, 0.7583669033815142, 0.7559484848997867, 0.7551474092973431, 0.7559244208072875, 0.7555522030889381, 0.7567100651336618, 0.7567036823556078, 0.7564474563427968, 0.7568547386786235], "Mopping the floor": [-0.06643376263939844, 0.7585208338563522, 0.762107189733295, 0.7603223373090157, 0.7584080098822201, 0.7599773500639262, 0.7594004377706107, 0.7607462689777938, 0.7597149038550631, 0.758786825399063, 0.7595133697843772], "Carry warm food": [0.07291235188649244, 0.3700169686320046, 0.374752144821383, 0.3788193125045569, 0.3789951377086867, 0.37847808098038227, 0.3793263231560539, 0.3805583928414945, 0.37831376989797966, 0.3794540426400968, 0.37745662280624337], "Carry cold food": [0.10292983904658393, 0.28237818337499976, 0.2847027407291304, 0.29018981776285185, 0.285465418280976, 0.29043499327750294, 0.2910745878876673, 0.29372841011040973, 0.2857835046018699, 0.2883730734598055, 0.28816654137605235], "Carry drinks": [-0.004244498617591397, 0.28482940326974737, 0.2865006395401628, 0.3004500168756925, 0.30321344533345185, 0.3016002685978912, 0.29755838042356403, 0.3002094171744055, 0.2955167990823113, 0.3041465065280093, 0.30141739465725714], "Carry small objects (plates, toys)": [-0.06475491852721053, 0.4794495759645692, 0.4885945032341828, 0.4813921691562492, 0.47928773328295105, 0.4819751761454762, 0.4812290607207509, 0.48200659115650785, 0.48040615680297827, 0.47993928419267884, 0.48130304489109976], "Carry big objects (tables, chairs)": [0.265978199440422, 0.6966908534165084, 0.7005718953315194, 0.6983480026568869, 0.697595823896224, 0.6986575751976801, 0.6985016482314389, 0.6990443631534503, 0.6983106757807795, 0.6970990528465936, 0.6982120673762658], "Cleaning (Picking up stuff) / Starting conversation": [0.13408871375819673, 0.37575084531052155, 0.376978474196546, 0.3728827205360259, 0.3730437098805242, 0.3739167969196197, 0.37384861884033044, 0.3773531399081455, 0.37414582833776633, 0.3768460775854966, 0.37509997363043807]}}