{"clients": 5, "Losses": [10.901083946228027, 0.2234504371881485, 0.2304987609386444, 0.22738522291183472, 0.22962257266044617, 0.22555361688137054, 0.22713704407215118, 0.22768384218215942, 0.227813720703125, 0.2249775379896164, 0.22608336806297302], "rmse": [3.3016791343688965, 0.4727054536342621, 0.4801028370857239, 0.4768492579460144, 0.4791894853115082, 0.47492483258247375, 0.4765889644622803, 0.47716230154037476, 0.4772983491420746, 0.4743179678916931, 0.4754822552204132], "pearson": {"Vacuum cleaning": [-0.2009791117023113, 0.7543066759454217, 0.7537057995129667, 0.7530722666961316, 0.7568104667698177, 0.7540538534560514, 0.7547598566548677, 0.7560445710280711, 0.757115730811966, 0.7501530824624097, 0.7537922111192791], "Mopping the floor": [-0.06643376263939844, 0.7599293316063445, 0.7605966116320018, 0.7597603458946508, 0.7602378733816973, 0.7597289942464067, 0.7617387502175267, 0.7617151477611209, 0.7629600113458762, 0.7606901380553062, 0.7578450329987023], "Carry warm food": [0.07291235188649244, 0.3717530808177737, 0.3696328206499343, 0.37509990570926993, 0.3763870892667575, 0.3732292462876884, 0.3852571116940403, 0.3805306262175249, 0.37631113604671484, 0.3615812196550155, 0.36770501833898356], "Carry cold food": [0.10292983904658393, 0.2739907096921868, 0.2834251365943413, 0.28453013996063353, 0.28390607888066377, 0.28235760070030047, 0.2927318762103243, 0.28897822827113495, 0.27977786914446257, 0.2745754319034843, 0.2819918305217605], "Carry drinks": [-0.004244498617591397, 0.2725796264235084, 0.30002039971190686, 0.29427203789768697, 0.29766613071045406, 0.2973621425436919, 0.3048515490804158, 0.30637975863379735, 0.2955431293431418, 0.2909250273524901, 0.2881399309873469], "Carry small objects (plates, toys)": [-0.06475491852721053, 0.47467470594138417, 0.4737307382591569, 0.4796534349069596, 0.4706287517179083, 0.47431693671353803, 0.4792847021734908, 0.4752134935831839, 0.4746745578740632, 0.47140801097069907, 0.4786046662312781], "Carry big objects (tables, chairs)": [0.265978199440422, 0.7037632712733896, 0.6987167217045254, 0.7005857189441189, 0.6975552918469441, 0.70205863557172, 0.6989610021802735, 0.7021334611903727, 0.7027188422980573, 0.701588303357182, 0.699088103449355], "Cleaning (Picking up stuff) / Starting conversation": [0.13408871375819673, 0.35638108012003605, 0.36323936680278895, 0.3553297742155171, 0.3526173403271413, 0.3604495995318379, 0.3764819525608554, 0.3446896273741257, 0.3931104141390528, 0.39554103029018967, 0.3793293567796712]}}