{"clients": 3, "Losses": [10.901083946228027, 0.23343849182128906, 0.2359151691198349, 0.23404955863952637, 0.22957998514175415, 0.23333735764026642, 0.22709940373897552, 0.22793298959732056, 0.22763700783252716, 0.23150378465652466, 0.22913265228271484], "rmse": [3.3016791343688965, 0.4831547141075134, 0.485711008310318, 0.4837866425514221, 0.4791450500488281, 0.48305004835128784, 0.4765494763851166, 0.4774232804775238, 0.47711318731307983, 0.4811483919620514, 0.47867801785469055], "pearson": {"Vacuum cleaning": [-0.2009791117023113, 0.7512826013697576, 0.7435252686146113, 0.7548879316683016, 0.7572282817773006, 0.7515391303861779, 0.7547041761382569, 0.7572993631881256, 0.755600498453346, 0.7562253635143144, 0.7512418440074419], "Mopping the floor": [-0.06643376263939844, 0.7607117406889355, 0.754410310466853, 0.759983253502453, 0.7600155492039907, 0.7604334492934908, 0.7647476171653252, 0.762144448542085, 0.7639022160710045, 0.7628523941285983, 0.7589382540810788], "Carry warm food": [0.07291235188649244, 0.337435956091815, 0.3838471233145852, 0.37881823878193716, 0.3899934045988388, 0.3831195453968939, 0.3878261638989656, 0.37687157101535024, 0.37733287249617736, 0.3758447172587195, 0.37954630349049645], "Carry cold food": [0.10292983904658393, 0.23167232858739284, 0.28809436453368314, 0.2820607978966541, 0.28800258107587157, 0.2829876522200598, 0.29248620714759316, 0.2830942673809218, 0.294039323254177, 0.2783344322604906, 0.2909498379648563], "Carry drinks": [-0.004244498617591397, 0.16707490841798897, 0.2912059578763349, 0.3021891661234306, 0.30232075301903855, 0.30132101465421235, 0.3055780091993768, 0.28922758037125884, 0.30747976615672, 0.28944116165799066, 0.3085199080940998], "Carry small objects (plates, toys)": [-0.06475491852721053, 0.4719929239246048, 0.4789534829455249, 0.4708283141797143, 0.4775917867606467, 0.46166401792879774, 0.4645584765634964, 0.4608510705324419, 0.46809912967429823, 0.4662881130055099, 0.44799837720223684], "Carry big objects (tables, chairs)": [0.265978199440422, 0.7038910879352946, 0.6913118929221166, 0.7010380056303751, 0.7049525272596118, 0.6967654367910234, 0.7012024182337024, 0.6996090862193106, 0.7044940269401948, 0.7011765270092916, 0.6975010030666594], "Cleaning (Picking up stuff) / Starting conversation": [0.13408871375819673, 0.35709876061628865, 0.36539084627685625, 0.33623076324666673, 0.3491105178567764, 0.3748312161089344, 0.37813582981662186, 0.36531449952363965, 0.3675998417621765, 0.3713414947734329, 0.36551781266191985]}}