{"clients": 8, "Losses": [10.901083946228027, 0.22739921510219574, 0.22566819190979004, 0.22666539251804352, 0.2265395075082779, 0.2289704531431198, 0.22767093777656555, 0.22535662353038788, 0.22635938227176666, 0.22451861202716827, 0.2231999635696411], "rmse": [3.3016791343688965, 0.47686392068862915, 0.47504544258117676, 0.4760938882827759, 0.4759616553783417, 0.47850853204727173, 0.47714874148368835, 0.474717378616333, 0.4757724106311798, 0.47383394837379456, 0.4724404215812683], "pearson": {"Vacuum cleaning": [-0.2009791117023113, 0.7562902764808246, 0.7529957173954461, 0.7532854204388729, 0.7538630911166934, 0.7506867342453722, 0.7519999011258937, 0.7566758968895367, 0.7528647868890899, 0.7571378422794529, 0.757277691207024], "Mopping the floor": [-0.06643376263939844, 0.7609620719547233, 0.7588433318950133, 0.760188290633624, 0.7587547376145799, 0.758055550313567, 0.7570648062323487, 0.7603929195470678, 0.7610267105779221, 0.7603886457000624, 0.762741615860246], "Carry warm food": [0.07291235188649244, 0.3633841894884483, 0.3761913351977807, 0.36857278685104966, 0.3764826962273631, 0.3721522237576677, 0.38400669485275024, 0.3822852313157633, 0.38106404399063354, 0.37997878064279156, 0.37605148296821345], "Carry cold food": [0.10292983904658393, 0.2716864657682017, 0.2875173166984941, 0.2792259202761549, 0.27990532942698837, 0.28084576907124587, 0.28881075006660933, 0.286485961166498, 0.29007990533433586, 0.2810733525071567, 0.28241034708726864], "Carry drinks": [-0.004244498617591397, 0.2755699341387766, 0.30036430899756894, 0.2997534733743937, 0.28767080056164507, 0.30067537192944227, 0.2987357004880835, 0.30456215558288097, 0.3047233914710931, 0.29941968544906844, 0.2981233785188389], "Carry small objects (plates, toys)": [-0.06475491852721053, 0.47697967956056125, 0.47940727748967454, 0.46810710862597366, 0.4785639445908306, 0.46547791667780214, 0.4726787481781612, 0.47415900285116697, 0.47088753281800894, 0.46525566165198906, 0.4729366285200467], "Carry big objects (tables, chairs)": [0.265978199440422, 0.702596454754418, 0.6975510993899918, 0.6982070508400662, 0.6987713187194745, 0.6960221780929199, 0.6968243580147535, 0.7015617350303256, 0.7002525134348766, 0.6996901001643572, 0.7018773191089055], "Cleaning (Picking up stuff) / Starting conversation": [0.13408871375819673, 0.3590987274735384, 0.3538238706624535, 0.356259737660502, 0.35869993463808636, 0.35847302927438235, 0.3610096003285027, 0.35821035310107263, 0.3699513084254642, 0.3738640072656027, 0.3799326063595649]}}