{"clients": 5, "Losses": [10.901083946228027, 0.22586990892887115, 0.22413596510887146, 0.22820967435836792, 0.22456865012645721, 0.23216909170150757, 0.2239757627248764, 0.22655755281448364, 0.2266647219657898, 0.2258114069700241, 0.2260933667421341], "rmse": [3.3016791343688965, 0.4752577245235443, 0.47343000769615173, 0.4777129590511322, 0.47388675808906555, 0.48183926939964294, 0.4732607901096344, 0.47598060965538025, 0.4760931730270386, 0.4751961827278137, 0.4754927456378937], "pearson": {"Vacuum cleaning": [-0.2009791117023113, 0.7570399883525248, 0.7559136056681931, 0.752941990856706, 0.7533293330126452, 0.7569966017310491, 0.7581040988167153, 0.7542165127758154, 0.754156367579186, 0.7529802598893763, 0.7563498431374631], "Mopping the floor": [-0.06643376263939844, 0.7614073025559366, 0.7623355793449597, 0.7570470499125176, 0.7582458792652311, 0.7624195842748657, 0.7616970735732697, 0.7609512571038423, 0.7587183581937179, 0.7582281153071776, 0.7625122890817152], "Carry warm food": [0.07291235188649244, 0.37596978927733615, 0.377040509173226, 0.3808114517555487, 0.3849086682375, 0.36674416525025705, 0.37736853109952545, 0.37675309357911924, 0.3846408287530204, 0.37703322382541926, 0.3818430556952149], "Carry cold food": [0.10292983904658393, 0.2873981552244089, 0.28604666406935014, 0.2902196732056343, 0.29056512071166724, 0.27572604364985487, 0.28744345972102947, 0.2937772397873016, 0.29719868338700944, 0.2914003223965699, 0.2891484014305746], "Carry drinks": [-0.004244498617591397, 0.30730480743249994, 0.3007162842701518, 0.3028408100176823, 0.305271242312444, 0.28493751395552314, 0.2985550545300467, 0.30774750640356024, 0.30401045456341935, 0.29631745146357297, 0.29902272665532637], "Carry small objects (plates, toys)": [-0.06475491852721053, 0.4820193789179574, 0.47968641070369583, 0.46941134492912584, 0.47740534706210563, 0.4723916771579002, 0.4781842739159439, 0.47297299753908545, 0.4718753144508167, 0.4689942534794659, 0.46552809356302816], "Carry big objects (tables, chairs)": [0.265978199440422, 0.7029034575543058, 0.701721746595971, 0.6980353080712516, 0.697930997038921, 0.7027802433555386, 0.7010416770453531, 0.7024801453972064, 0.6980269159507928, 0.6985979291855285, 0.6986589564883944], "Cleaning (Picking up stuff) / Starting conversation": [0.13408871375819673, 0.3745169680805166, 0.3555241139612722, 0.35624279015265503, 0.37668196137705445, 0.37094192424335415, 0.3811383634995982, 0.37183587392014134, 0.38375119020527093, 0.3683300748054331, 0.3648477019085693]}}