{"clients": 2, "Losses": [10.901083946228027, 0.267078161239624, 0.23989391326904297, 0.23899918794631958, 0.25381729006767273, 0.2528410851955414, 0.24625156819820404, 0.2487027645111084, 0.24468427896499634, 0.24470305442810059, 0.2511385679244995], "rmse": [3.3016791343688965, 0.5167960524559021, 0.4897896647453308, 0.48887544870376587, 0.5038028359413147, 0.5028330683708191, 0.4962373971939087, 0.4987010657787323, 0.49465569853782654, 0.4946746528148651, 0.5011371970176697], "pearson": {"Vacuum cleaning": [-0.2009791117023113, 0.7485519479265141, 0.7448422120579653, 0.7469327723829267, 0.7480519236701525, 0.7451004529137185, 0.743836844212821, 0.7447229723084484, 0.7414925112688426, 0.7454262330622816, 0.7437111139249619], "Mopping the floor": [-0.06643376263939844, 0.7537454667288113, 0.7553195559416216, 0.7544867773570708, 0.7564933832450513, 0.7523815758733864, 0.7513508407985993, 0.7522952495327258, 0.7515652934948013, 0.754275940759193, 0.7523946097002101], "Carry warm food": [0.07291235188649244, 0.32558825223917004, 0.3620496274123881, 0.3547789156310324, 0.35269870628816785, 0.35620530704438635, 0.3513992011725753, 0.3543551149234351, 0.35100760698558864, 0.3498956621053029, 0.3519533194617038], "Carry cold food": [0.10292983904658393, 0.18270072828860048, 0.24982817671695512, 0.24324245328005822, 0.22654763278667214, 0.24012770606003736, 0.22985682610983865, 0.23424348769627482, 0.230463187835829, 0.2312800996860264, 0.2393464846625751], "Carry drinks": [-0.004244498617591397, 0.17767309060070824, 0.2616479154245951, 0.2571910687456805, 0.24006196810239114, 0.25896176841872987, 0.25962282735533787, 0.25157736076232284, 0.26163985751060226, 0.25468017563006556, 0.2544721203384112], "Carry small objects (plates, toys)": [-0.06475491852721053, 0.4652706782323647, 0.47072672670550686, 0.4707277288275106, 0.46958939345193984, 0.4637739164057014, 0.4574464213056129, 0.46421657641052433, 0.45137609672989093, 0.45426821372017945, 0.4597723507585009], "Carry big objects (tables, chairs)": [0.265978199440422, 0.6933998727027233, 0.6958361554691906, 0.6979724931874842, 0.6979449925718655, 0.6952097182318763, 0.6925598005154812, 0.6953556443340019, 0.6933688240007524, 0.6947876274995634, 0.6932919893165852], "Cleaning (Picking up stuff) / Starting conversation": [0.13408871375819673, 0.3565018282776, 0.36137359981432654, 0.3460595930300453, 0.33164679703989264, 0.3458670318871744, 0.34260590414055364, 0.3404287326478557, 0.3256638016410689, 0.34800056502726867, 0.3409388469637727]}}