{"clients": 10, "Losses": [10.901083946228027, 0.24639678001403809, 0.22854343056678772, 0.22857032716274261, 0.22709111869335175, 0.22824177145957947, 0.23227031528949738, 0.22554682195186615, 0.2236207127571106, 0.22919104993343353, 0.223952516913414], "rmse": [3.3016791343688965, 0.4963837265968323, 0.47806215286254883, 0.4780902862548828, 0.47654077410697937, 0.47774654626846313, 0.4819442927837372, 0.4749176800251007, 0.47288551926612854, 0.47873902320861816, 0.47323620319366455], "pearson": {"Vacuum cleaning": [-0.2009791117023113, 0.755725656874329, 0.7509302665290843, 0.7546996787604415, 0.7530844620286494, 0.7564140496013934, 0.7546288409680295, 0.7576989148776361, 0.7556377668476032, 0.7574407376358877, 0.7584442928541292], "Mopping the floor": [-0.06643376263939844, 0.758746752593132, 0.7579673336412343, 0.7595052372355485, 0.7562582514991927, 0.7601635126574853, 0.7597702847942995, 0.7613821591454832, 0.7592230679630388, 0.7618684409961064, 0.7633752354157352], "Carry warm food": [0.07291235188649244, 0.37414511916028426, 0.367750205242589, 0.3806962849722557, 0.3774170572109548, 0.373387077830465, 0.3738700167329236, 0.37361375731235424, 0.39023569955594717, 0.37903025930366746, 0.3900773128194648], "Carry cold food": [0.10292983904658393, 0.2900787200793694, 0.2838572811823767, 0.28991501250933954, 0.28789277283187636, 0.2778664857217522, 0.2769069768579929, 0.27754784828274864, 0.29630473899870463, 0.2848242009301942, 0.29502736051135664], "Carry drinks": [-0.004244498617591397, 0.29968275196873484, 0.3012846706848608, 0.2911532371785162, 0.3032517249330416, 0.28106390191273756, 0.2825624595327084, 0.2898252202033214, 0.3096772242511033, 0.2970103435675836, 0.30597997528942206], "Carry small objects (plates, toys)": [-0.06475491852721053, 0.4718731251997862, 0.46502661171390536, 0.4813610852564886, 0.4755274900597645, 0.4799485649810175, 0.4732182456602144, 0.4681525793981474, 0.4713736568794053, 0.4632933078995022, 0.4746263169960169], "Carry big objects (tables, chairs)": [0.265978199440422, 0.7000001839985075, 0.6979377132566503, 0.6994897414465996, 0.698963088343107, 0.7034026956434335, 0.7003976479764952, 0.7018000831851205, 0.7004036067933301, 0.7016566573449268, 0.7028928998965662], "Cleaning (Picking up stuff) / Starting conversation": [0.13408871375819673, 0.3704680202840284, 0.35843289392975597, 0.3558565000792613, 0.35682467337450535, 0.3518444821645484, 0.3580028388639125, 0.36662601077021056, 0.37976564164257853, 0.37027040441617765, 0.381337608490351]}}