{"clients": 4, "Losses": [10.901083946228027, 0.24024851620197296, 0.23619993031024933, 0.23818443715572357, 0.22788040339946747, 0.23116831481456757, 0.23144401609897614, 0.22626635432243347, 0.2314402461051941, 0.23646816611289978, 0.23344360291957855], "rmse": [3.3016791343688965, 0.4901515245437622, 0.4860040247440338, 0.4880414307117462, 0.47736820578575134, 0.4807996451854706, 0.48108628392219543, 0.4756746292114258, 0.48108235001564026, 0.4862799048423767, 0.48316001892089844], "pearson": {"Vacuum cleaning": [-0.2009791117023113, 0.7578939687510737, 0.7539806714675596, 0.7546891560480604, 0.7548415592296972, 0.7549039574556995, 0.7563532739272671, 0.7557308436071156, 0.7547400600253553, 0.7535554376686727, 0.7539672740996681], "Mopping the floor": [-0.06643376263939844, 0.7587739466957479, 0.7561029954960776, 0.757020698964125, 0.7571297120497386, 0.7573643795668104, 0.7575386712609411, 0.7570329714230611, 0.7561959655048233, 0.7558985810227935, 0.7558027351024768], "Carry warm food": [0.07291235188649244, 0.33329733158341496, 0.35931279752884127, 0.3648334567833526, 0.36615010337535975, 0.36556161353044775, 0.36293941430952564, 0.3648759760598367, 0.3649278994865658, 0.366763458866827, 0.366599467289018], "Carry cold food": [0.10292983904658393, 0.22852404505603743, 0.25751025053628324, 0.2691842588611053, 0.26591129657609175, 0.2706919791106421, 0.27228770542960495, 0.26888214433899266, 0.26950223986666816, 0.26787269717673273, 0.26575841888475754], "Carry drinks": [-0.004244498617591397, 0.2637043954292578, 0.2697796611144311, 0.29511235819534215, 0.28316145436524315, 0.2871364908690137, 0.28988583237936943, 0.2910090038562205, 0.29810773895460907, 0.2893452091903558, 0.291802815292133], "Carry small objects (plates, toys)": [-0.06475491852721053, 0.4543488000004086, 0.46666034653974997, 0.4721153995768165, 0.4672920896065772, 0.4644791994864259, 0.464703796008412, 0.46788952667282263, 0.46654460371154366, 0.46399397987748575, 0.4600522547903902], "Carry big objects (tables, chairs)": [0.265978199440422, 0.6997758621552069, 0.6991445425956317, 0.7000995276860553, 0.6997766984037126, 0.7003532825154657, 0.7005443143296661, 0.6995783357443749, 0.6987788845691569, 0.6992245996093998, 0.6985363967632461], "Cleaning (Picking up stuff) / Starting conversation": [0.13408871375819673, 0.3463119444698271, 0.3571008369148809, 0.36661493419040825, 0.3687166162929381, 0.3584966374088874, 0.36477781247208124, 0.36266100334375717, 0.36332599350986794, 0.36125217675778015, 0.3622278591385878]}}