,round,Loss,RMSE
0,1.0,0.2644902467727661,0.5142861604690552
1,2.0,0.2641691565513611,0.5139738917350769
2,3.0,0.2696944773197174,0.5193211436271667
3,4.0,0.2574527561664581,0.5073980093002319
4,5.0,0.2599007487297058,0.5098046064376831
5,6.0,0.2584346234798431,0.5083646774291992
6,7.0,0.256812036037445,0.5067662596702576
7,8.0,0.2592690587043762,0.509184718132019
8,9.0,0.2635405957698822,0.5133621096611023
0,10.0,0.26254168152809143,0.5123881697654724
