{"clients": 10, "Losses": [11.0484037399292, 0.21236468851566315, 0.2167154848575592, 0.21323545277118683, 0.21327579021453857, 0.21326817572116852, 0.21055671572685242, 0.21976549923419952, 0.21560905873775482, 0.21660971641540527, 0.21299917995929718], "rmse": [3.323913812637329, 0.460830420255661, 0.46552711725234985, 0.46177423000335693, 0.4618179202079773, 0.4618096649646759, 0.45886456966400146, 0.46879151463508606, 0.46433722972869873, 0.46541348099708557, 0.4615183472633362], "pearson": {"Vacuum cleaning": [-0.09837794177262009, 0.7676284198742768, 0.7735488937921591, 0.7679408310373717, 0.7682790646277811, 0.7666195010634329, 0.7703934456043353, 0.7651171900780207, 0.7639486712049518, 0.7643794104709469, 0.7661906732075726], "Mopping the floor": [-0.04707994639063074, 0.7529071801312739, 0.7575499983817368, 0.7505947417313058, 0.749385931338113, 0.7483752732909966, 0.753270132001485, 0.7451977295577923, 0.7461006332983969, 0.7432703974549555, 0.7482727040050242], "Carry warm food": [0.009278331691370918, 0.4144910634033986, 0.4237523393246753, 0.4153730887536462, 0.41822552238699173, 0.42396064948648776, 0.4239898305945001, 0.422655354749619, 0.417472998565771, 0.421570939796645, 0.42673775464559066], "Carry cold food": [0.19357533912503855, 0.36807210474032553, 0.363324017841645, 0.3695343704644561, 0.34126670725728697, 0.36720305167009176, 0.35983001916377805, 0.36518353951143184, 0.36251008413855046, 0.3487100288812039, 0.36480779071013164], "Carry drinks": [-0.03926929790881088, 0.39228763715337567, 0.4062489068660414, 0.39654757880695524, 0.37833846981870695, 0.394011341777354, 0.3936673952529905, 0.39638527378321226, 0.39027719663675026, 0.3870202963310452, 0.39792269897954585], "Carry small objects (plates, toys)": [0.07987397754847043, 0.5225498994451256, 0.5308595364447752, 0.4933314728714051, 0.5144830511674343, 0.5024089023207261, 0.5064717581397069, 0.49283432105654496, 0.4912698512412581, 0.5116638557153954, 0.5135431186654927], "Carry big objects (tables, chairs)": [0.2732330077253213, 0.7286671901762349, 0.7350758745350134, 0.7258323016986213, 0.727798042634288, 0.7276291618614652, 0.7296716964146104, 0.7231147259021303, 0.7243156973087188, 0.7246324578702783, 0.7280720451999924], "Cleaning (Picking up stuff) / Starting conversation": [0.01719180657331923, 0.24023047503895487, 0.28930532898068423, 0.27726259590377844, 0.2938546771213021, 0.28381948129451157, 0.28096958591445326, 0.27429069934699857, 0.272083239508626, 0.28528715189405357, 0.28914465035335785]}}