{"clients": 2, "Losses": [10.901083946228027, 0.2331671267747879, 0.22392582893371582, 0.23408357799053192, 0.2279175966978073, 0.23567406833171844, 0.2251073569059372, 0.22687377035617828, 0.2263084501028061, 0.2297021597623825, 0.2306400090456009], "rmse": [3.3016791343688965, 0.4828737676143646, 0.4732080101966858, 0.483821839094162, 0.47740715742111206, 0.4854627251625061, 0.474454790353775, 0.47631266713142395, 0.4757188856601715, 0.4792725443840027, 0.48024991154670715], "pearson": {"Vacuum cleaning": [-0.2009791117023113, 0.7476488057332537, 0.7611718277475606, 0.7563791045879873, 0.7553585994887542, 0.7571113620689873, 0.7552999367013525, 0.7538445044863012, 0.7538059669176094, 0.7464097089475704, 0.7430155668294637], "Mopping the floor": [-0.06643376263939844, 0.7512124559496633, 0.7676959034664563, 0.7685780086280645, 0.763072395973684, 0.7633363045170861, 0.7637123879142774, 0.7602562049624718, 0.7597788749912232, 0.7555071350052089, 0.7546245396489384], "Carry warm food": [0.07291235188649244, 0.36662458199314435, 0.38797932954449044, 0.37088679613580905, 0.38256259277202675, 0.3816564984080991, 0.3689988780261257, 0.37357808791939534, 0.38622837329038745, 0.3783358852671773, 0.37826265055436026], "Carry cold food": [0.10292983904658393, 0.2821146484792951, 0.29058885414168617, 0.2772792138598273, 0.2864860964019316, 0.2949000736842447, 0.293478744679368, 0.2894330653744817, 0.30986651337473325, 0.3071378699924369, 0.29966363778650834], "Carry drinks": [-0.004244498617591397, 0.29900760661238196, 0.3092776731011115, 0.28176566986302815, 0.3054203506022619, 0.31290603879311824, 0.2984056703004965, 0.2914245794728658, 0.3145801629396632, 0.3111129911905765, 0.2947236563448789], "Carry small objects (plates, toys)": [-0.06475491852721053, 0.4816938464923934, 0.47884070162275916, 0.4784640337022834, 0.4633200260718404, 0.4679646404364933, 0.48250156147366713, 0.4804336057197331, 0.4641040202073712, 0.47788957468141646, 0.47253036750673955], "Carry big objects (tables, chairs)": [0.265978199440422, 0.686847665252123, 0.7049013618917238, 0.7052621556227231, 0.7033836512403266, 0.7000899137779004, 0.7061528464555172, 0.7050027459397373, 0.6976828397530944, 0.704302033848489, 0.6948975511462112], "Cleaning (Picking up stuff) / Starting conversation": [0.13408871375819673, 0.33715214096976176, 0.3918359079439668, 0.36625118459926687, 0.3741804388812828, 0.3636534883011166, 0.3573168678078514, 0.3702362971671894, 0.358509435346339, 0.3419715780119452, 0.35036178447203703]}}