{"clients": 4, "Losses": [10.901083946228027, 0.23563458025455475, 0.22951315343379974, 0.226136714220047, 0.22616690397262573, 0.2293502688407898, 0.22544008493423462, 0.22722816467285156, 0.2278643250465393, 0.2261866331100464, 0.22582374513149261], "rmse": [3.3016791343688965, 0.4854220747947693, 0.4790753126144409, 0.47553834319114685, 0.47557011246681213, 0.4789053201675415, 0.4748052954673767, 0.4766845405101776, 0.4773513674736023, 0.4755908250808716, 0.47520914673805237], "pearson": {"Vacuum cleaning": [-0.2009791117023113, 0.7496523841736668, 0.7538260525184316, 0.7575606291572156, 0.7584737838059323, 0.7560439306621375, 0.7584174219857006, 0.7511010798839396, 0.7552004434537204, 0.7595390764044552, 0.7547137862922216], "Mopping the floor": [-0.06643376263939844, 0.7564454055585856, 0.7596508358601097, 0.7622705421577693, 0.7622046908713083, 0.7605864293779478, 0.76074197404223, 0.75418722685112, 0.7602574462275711, 0.7619840741792783, 0.7594195271195867], "Carry warm food": [0.07291235188649244, 0.36685068937260834, 0.3722838277118851, 0.3734636404920182, 0.38369270299240876, 0.37814056326289675, 0.37765848783479955, 0.3869938308829747, 0.3803120053760854, 0.3720318610981104, 0.3705450540919236], "Carry cold food": [0.10292983904658393, 0.27833302271731347, 0.28888767819814415, 0.2791409863270382, 0.2809410238334804, 0.2786759667721242, 0.27177001642413523, 0.28348076565046687, 0.2821910186434117, 0.2793006396637061, 0.28122432015182], "Carry drinks": [-0.004244498617591397, 0.3133063026180007, 0.3026599815749986, 0.2832481266432906, 0.2918136353179729, 0.2850917586406831, 0.27987415220701184, 0.2943514813324146, 0.2943339588807486, 0.2971810639553731, 0.2900438584880464], "Carry small objects (plates, toys)": [-0.06475491852721053, 0.4691201312694445, 0.4741787821637208, 0.47976799903698925, 0.46913957917238025, 0.47218899106015083, 0.47281725495654114, 0.46540997283962315, 0.4725893239254844, 0.46451767807743866, 0.47025399396863055], "Carry big objects (tables, chairs)": [0.265978199440422, 0.6925125760123888, 0.6977811104337841, 0.7028304316142877, 0.7002214176287039, 0.702951502440888, 0.7039122774287938, 0.6964303701595713, 0.6987349343956168, 0.7029770960608681, 0.7001092894566178], "Cleaning (Picking up stuff) / Starting conversation": [0.13408871375819673, 0.3733264537681441, 0.3573656501631002, 0.3742270082504758, 0.38517126738942187, 0.359623525282368, 0.3707167071376606, 0.37698318493891747, 0.3802393289304312, 0.3521613758400027, 0.3722054675998104]}}