{"clients": 9, "Losses": [11.0484037399292, 0.2285166233778, 0.21247246861457825, 0.21452173590660095, 0.21488133072853088, 0.21321038901805878, 0.22190827131271362, 0.2128453105688095, 0.21368002891540527, 0.2144419103860855, 0.2156127393245697], "rmse": [3.323913812637329, 0.478034108877182, 0.4609473645687103, 0.46316492557525635, 0.46355292201042175, 0.46174710988998413, 0.47107139229774475, 0.461351603269577, 0.4622553586959839, 0.46307873725891113, 0.4643411934375763], "pearson": {"Vacuum cleaning": [-0.09837794177262009, 0.7648189893179365, 0.7701147495507944, 0.7656896262676721, 0.7642402559162879, 0.7669768466231576, 0.7611168273243936, 0.7660773874524323, 0.7639978040811801, 0.762742964929489, 0.7610434387420677], "Mopping the floor": [-0.04707994639063074, 0.7464327444079143, 0.7552529982717282, 0.74826861249641, 0.7481209779375222, 0.7498814801562336, 0.7430341358610483, 0.7480147936507995, 0.7477301817368658, 0.7470432915785229, 0.7423151593534455], "Carry warm food": [0.009278331691370918, 0.4112101015118891, 0.4106045510780898, 0.4142889329500106, 0.4245840216875378, 0.4264935807032483, 0.42533534696477204, 0.4269195936480685, 0.4220020932012643, 0.4287791547737536, 0.42230232124959205], "Carry cold food": [0.19357533912503855, 0.3595165855127496, 0.3607459421881515, 0.358670073246134, 0.37285384765356233, 0.3629170404487364, 0.3650969145082816, 0.3616691566573557, 0.355975292286055, 0.36426299478642393, 0.35725642190363466], "Carry drinks": [-0.03926929790881088, 0.38209833592249043, 0.39427816969463225, 0.39114442321340936, 0.40505142190384674, 0.3989909704962349, 0.40001637419773584, 0.3991941987132291, 0.3963876098305124, 0.39888220117973394, 0.39534674657643737], "Carry small objects (plates, toys)": [0.07987397754847043, 0.49305130149248805, 0.5077268622624849, 0.4985843845828306, 0.49352500621362183, 0.5132660477014979, 0.5006592440701452, 0.5127367520119105, 0.5114456188836118, 0.5060157053183542, 0.49667753604714454], "Carry big objects (tables, chairs)": [0.2732330077253213, 0.7254459531098435, 0.7295352397101711, 0.7248892451912213, 0.7240256514734452, 0.7286361730339835, 0.7227372070527479, 0.7279595384940232, 0.7253699219712315, 0.7259475959379368, 0.7205481732273403], "Cleaning (Picking up stuff) / Starting conversation": [0.01719180657331923, 0.2722470612826839, 0.2576469602119646, 0.2746717397143481, 0.2837426604578577, 0.3000335862890569, 0.28239491971450104, 0.28715510461547994, 0.27390035866388635, 0.2786860002267843, 0.285850061487178]}}