{"clients": 6, "Losses": [10.901083946228027, 0.2244630604982376, 0.22953374683856964, 0.22450503706932068, 0.23022489249706268, 0.22513660788536072, 0.2226911038160324, 0.23322468996047974, 0.2273774892091751, 0.22722691297531128, 0.22307616472244263], "rmse": [3.3016791343688965, 0.47377532720565796, 0.47909680008888245, 0.4738196134567261, 0.47981753945350647, 0.4744856059551239, 0.4719015955924988, 0.4829334020614624, 0.47684115171432495, 0.47668325901031494, 0.4723093807697296], "pearson": {"Vacuum cleaning": [-0.2009791117023113, 0.7533850689559438, 0.7509191048601828, 0.7574644591717828, 0.7546692645241091, 0.7574554077012927, 0.7574521191581428, 0.7522426845121885, 0.757725975244912, 0.7573581709587036, 0.7570554677090237], "Mopping the floor": [-0.06643376263939844, 0.7616679530371585, 0.7544091936577059, 0.7610345673839738, 0.7598359188001734, 0.7623840849251425, 0.7638772120998387, 0.7583305863376626, 0.7631504614227974, 0.7637941720710335, 0.7667111800508948], "Carry warm food": [0.07291235188649244, 0.35727877138459796, 0.3808201854306046, 0.3791160595600515, 0.37785473872889713, 0.37812215250072034, 0.3796273786363579, 0.3770137354004741, 0.3799235842111024, 0.37838673351602686, 0.37114933093354624], "Carry cold food": [0.10292983904658393, 0.2606989409734018, 0.2959618810740152, 0.28824875642207404, 0.2860980118863902, 0.29054662419244576, 0.2890881690780131, 0.292061954278716, 0.28842574631796014, 0.2896299090446835, 0.2850675903541494], "Carry drinks": [-0.004244498617591397, 0.2780419807137835, 0.2995687214936423, 0.30773826044146935, 0.2936002746708428, 0.3056176022543029, 0.30522699315000945, 0.30859967315592113, 0.3052487052130117, 0.29708665043720406, 0.2921262715687043], "Carry small objects (plates, toys)": [-0.06475491852721053, 0.46740287384189405, 0.47750297237740813, 0.46880747872211836, 0.4761636888362954, 0.47641291729735974, 0.4734299289549555, 0.4631403935368263, 0.4732342216070667, 0.4788772096149432, 0.47968802554474294], "Carry big objects (tables, chairs)": [0.265978199440422, 0.7030670056484484, 0.6961575297275224, 0.7017122640198744, 0.6979048839433534, 0.702834546427674, 0.7023871799014149, 0.6977789551523168, 0.701548217247346, 0.7020957037919555, 0.704630244320731], "Cleaning (Picking up stuff) / Starting conversation": [0.13408871375819673, 0.3545928469110702, 0.3651661322471038, 0.3630265950167143, 0.3608557601384219, 0.354536576368985, 0.3926665637688915, 0.3665533917193681, 0.38536719960566806, 0.34126704263963537, 0.38833834748770546]}}