{"clients": 5, "Losses": [11.0484037399292, 0.2177211344242096, 0.20992767810821533, 0.2159854620695114, 0.21488851308822632, 0.2132377028465271, 0.2156926989555359, 0.22269275784492493, 0.21006324887275696, 0.2178279459476471, 0.21500925719738007], "rmse": [3.323913812637329, 0.4666059613227844, 0.45817863941192627, 0.46474236249923706, 0.46356067061424255, 0.4617766737937927, 0.46442726254463196, 0.47190335392951965, 0.4583265781402588, 0.4667204022407532, 0.4636909067630768], "pearson": {"Vacuum cleaning": [-0.09837794177262009, 0.7716580301294627, 0.7711266281870424, 0.7628460133340252, 0.7616240970206187, 0.7665046643363068, 0.7688890101500825, 0.7648866401215763, 0.7705954824820446, 0.7610979137341536, 0.7638660756146928], "Mopping the floor": [-0.04707994639063074, 0.7535062617738615, 0.7519676917899554, 0.7411798851305166, 0.7432498310597245, 0.7496398110531154, 0.751430737982308, 0.7496808242287238, 0.7552716344870727, 0.7497573449579736, 0.7506859425221296], "Carry warm food": [0.009278331691370918, 0.4281639971714508, 0.4251824644569759, 0.42371301075089707, 0.4219124125047085, 0.4266344691074396, 0.42438408481336565, 0.4197101984548816, 0.4359935973790569, 0.435171637174871, 0.42566875965179857], "Carry cold food": [0.19357533912503855, 0.37832219978186654, 0.3714456207501614, 0.36042171888140595, 0.35800499952634274, 0.3597235025548547, 0.3607768466449578, 0.3527670461648838, 0.36852272509753525, 0.37407883690163307, 0.3596144720245085], "Carry drinks": [-0.03926929790881088, 0.40997338403085504, 0.4062118401750724, 0.39828493409604004, 0.398452550391031, 0.3925316250458869, 0.3936245853070089, 0.3832714992482511, 0.4038306490677352, 0.40518731193693125, 0.400963355935247], "Carry small objects (plates, toys)": [0.07987397754847043, 0.5409593827251936, 0.5161982795131981, 0.5036096099144101, 0.5065975895191135, 0.5161142800352612, 0.5108629397836617, 0.5010354579188355, 0.5151642123888278, 0.5091016425205477, 0.5077134864701071], "Carry big objects (tables, chairs)": [0.2732330077253213, 0.7340576875473084, 0.7290213825207353, 0.7216600119409903, 0.7247855223415423, 0.7304303137509781, 0.7334893458942171, 0.7291120124905552, 0.7361869312914279, 0.727868605722332, 0.7286891475152046], "Cleaning (Picking up stuff) / Starting conversation": [0.01719180657331923, 0.2550824130570958, 0.2932584429696377, 0.2948912455203034, 0.2605265747436481, 0.29652365979192546, 0.290851394977118, 0.2836539221836459, 0.2873916711052407, 0.26470563840909295, 0.276499290787814]}}