{"clients": 10, "Losses": [10.901083946228027, 0.23460769653320312, 0.23392926156520844, 0.2279319018125534, 0.2282346785068512, 0.22544780373573303, 0.22706782817840576, 0.22447983920574188, 0.22944751381874084, 0.2251070737838745, 0.22701868414878845], "rmse": [3.3016791343688965, 0.4843631684780121, 0.48366233706474304, 0.47742217779159546, 0.4777391254901886, 0.47481343150138855, 0.47651633620262146, 0.47379302978515625, 0.4790067970752716, 0.47445449233055115, 0.47646477818489075], "pearson": {"Vacuum cleaning": [-0.2009791117023113, 0.7550940423774822, 0.7551354393489648, 0.754681095701724, 0.7527525057099047, 0.753975446324758, 0.7558518189050941, 0.7557715267987167, 0.75478111615236, 0.7557720947070722, 0.7545981511701016], "Mopping the floor": [-0.06643376263939844, 0.7571369261573615, 0.7612543847203853, 0.760609866741763, 0.7580831783916061, 0.7589115821080116, 0.7603919203666547, 0.7612929826490175, 0.7590281612334215, 0.7606771269549228, 0.7614935760373064], "Carry warm food": [0.07291235188649244, 0.37242464930860925, 0.3652483481184762, 0.37350687410259037, 0.3787141244356683, 0.36976546703484, 0.3764669119942595, 0.37654535982020876, 0.3747729746834227, 0.3832532990250396, 0.3770835803865088], "Carry cold food": [0.10292983904658393, 0.27906969612048466, 0.2727765519299004, 0.28200100707493736, 0.28747649079454496, 0.2740096126431541, 0.28220327497728837, 0.28345637802331397, 0.28001744051606325, 0.28794120373384813, 0.2838090826120095], "Carry drinks": [-0.004244498617591397, 0.29504275382666767, 0.28257428588736416, 0.2907545710932003, 0.3010097259853505, 0.2905642115433658, 0.29389882509221166, 0.2978576801211909, 0.28846380112847936, 0.29565310928341976, 0.2906884063486825], "Carry small objects (plates, toys)": [-0.06475491852721053, 0.4643719500395845, 0.47349847182808896, 0.4828853504795659, 0.47769519023892404, 0.47764274356981345, 0.48385707853888077, 0.486332519812187, 0.4824842159024509, 0.4810277618164858, 0.4764565681392631], "Carry big objects (tables, chairs)": [0.265978199440422, 0.7010653490368884, 0.6995970343815091, 0.7009388305241937, 0.6992746984818968, 0.7001773511764585, 0.700629116956506, 0.7025719400280445, 0.7020720643155051, 0.7020905308930269, 0.7014207089537922], "Cleaning (Picking up stuff) / Starting conversation": [0.13408871375819673, 0.3593928422914553, 0.36122446403087133, 0.3590657829290006, 0.35865421548947735, 0.35060359038356237, 0.3603468969784578, 0.36049065961005633, 0.36295897780374886, 0.36897261607005366, 0.36925760418514714]}}