{"clients": 8, "Losses": [10.901083946228027, 0.229385107755661, 0.2271016240119934, 0.22525736689567566, 0.22793994843959808, 0.2329738438129425, 0.2307913601398468, 0.22754350304603577, 0.2292063683271408, 0.2251918464899063, 0.22355586290359497], "rmse": [3.3016791343688965, 0.4789416491985321, 0.4765518009662628, 0.47461286187171936, 0.4774305522441864, 0.48267361521720886, 0.4804074764251709, 0.4770151972770691, 0.47875499725341797, 0.47454380989074707, 0.47281691431999207], "pearson": {"Vacuum cleaning": [-0.2009791117023113, 0.7556310565188499, 0.754663179113856, 0.7533681685278323, 0.7531284255057025, 0.7534312919239223, 0.7560900110096815, 0.7534755415709596, 0.7528339542854301, 0.7533594929611841, 0.7564959299017129], "Mopping the floor": [-0.06643376263939844, 0.7579167347761718, 0.7619397257453454, 0.7612658216687506, 0.7584030635762351, 0.7599697899741249, 0.7609474477776433, 0.7594550982481235, 0.7600617205654913, 0.7587756418835497, 0.762421011263844], "Carry warm food": [0.07291235188649244, 0.36689473292713976, 0.3672113064156233, 0.36471965895002834, 0.3720203449513938, 0.37127172034178574, 0.3804377267522644, 0.3714641447391199, 0.3734656360284757, 0.37353853295379574, 0.3794741821105246], "Carry cold food": [0.10292983904658393, 0.2751739659565936, 0.27923981177675544, 0.27602941274915255, 0.28438092605195764, 0.28155270216978046, 0.2888143570207307, 0.28836323279899884, 0.2873494620231952, 0.28408057991370317, 0.29044014367052756], "Carry drinks": [-0.004244498617591397, 0.2630148126357208, 0.29169227082893767, 0.28533571856192663, 0.29739438785753247, 0.2890809337302461, 0.2884196274567765, 0.2946790402696512, 0.3030964831837323, 0.2947723340327138, 0.29633197480553386], "Carry small objects (plates, toys)": [-0.06475491852721053, 0.4804884358123882, 0.47724564036729766, 0.47486125720061867, 0.4755155489902434, 0.47977422735853903, 0.48637255208115, 0.4761172407199983, 0.4715241341959017, 0.46922861578158903, 0.4766008951825673], "Carry big objects (tables, chairs)": [0.265978199440422, 0.7020789619526465, 0.7017351241215111, 0.699596063391106, 0.6999995580748529, 0.6991311213074349, 0.7016260424997405, 0.6993974751508385, 0.696805738361415, 0.6981967089067271, 0.7024032811421275], "Cleaning (Picking up stuff) / Starting conversation": [0.13408871375819673, 0.3708304463854801, 0.3501826601761851, 0.3500627047156838, 0.36332464097850653, 0.35577075364703725, 0.35855748655942665, 0.370720318421123, 0.3728205337474263, 0.37813944542879013, 0.3682003837801032]}}