,round,Loss,RMSE
0,1.0,0.2151818126440048,0.4638769328594208
1,2.0,0.2296960055828094,0.4792661368846893
2,3.0,0.2401829659938812,0.4900846779346466
3,4.0,0.2297615855932235,0.4793345332145691
4,5.0,0.2328727096319198,0.4825688600540161
5,6.0,0.2276352643966674,0.4771113693714142
6,7.0,0.2315477430820465,0.4811940789222717
7,8.0,0.2317998707294464,0.4814559817314148
8,9.0,0.2347132265567779,0.4844721257686615
0,10.0,0.2305086851119995,0.4801132082939148
