{"clients": 7, "Losses": [10.901083946228027, 0.22685204446315765, 0.22396059334278107, 0.2272021323442459, 0.23135118186473846, 0.2277258336544037, 0.22763606905937195, 0.22736890614032745, 0.2270285189151764, 0.2281220555305481, 0.22477202117443085], "rmse": [3.3016791343688965, 0.47628986835479736, 0.4732447564601898, 0.4766572415828705, 0.48098981380462646, 0.477206289768219, 0.47711220383644104, 0.47683215141296387, 0.4764750897884369, 0.47762125730514526, 0.4741012752056122], "pearson": {"Vacuum cleaning": [-0.2009791117023113, 0.7562475379695962, 0.7537411098299274, 0.7534314329517531, 0.7513639715524746, 0.7541265526523542, 0.752325419772087, 0.7518782404506542, 0.7543658247443368, 0.7530924812948044, 0.7541692742962348], "Mopping the floor": [-0.06643376263939844, 0.7612376247418818, 0.7588437473785726, 0.7569058954351204, 0.7584942747942367, 0.760148152785244, 0.7594903623681977, 0.7572752388632529, 0.76215823420012, 0.7595878786869752, 0.7616702399960413], "Carry warm food": [0.07291235188649244, 0.3723541505585278, 0.37166456167607786, 0.37923099732667365, 0.3681168676025998, 0.38576038421706593, 0.37894772063662074, 0.3743689972182654, 0.3792266402455812, 0.37904794306109985, 0.37502670343038086], "Carry cold food": [0.10292983904658393, 0.2906376426772263, 0.28973653434439545, 0.28551029215948054, 0.2787150209119215, 0.2985564585011034, 0.2894975806252018, 0.2869357472996912, 0.28733525584416114, 0.2903596147379395, 0.29163910892990696], "Carry drinks": [-0.004244498617591397, 0.3060405259444618, 0.30976907171134355, 0.29835347438813564, 0.2927952264661931, 0.3057074143077207, 0.29384575718752237, 0.3013017227822048, 0.28569491912244793, 0.297302094971181, 0.29540978550138436], "Carry small objects (plates, toys)": [-0.06475491852721053, 0.48076484126147984, 0.47504158736427654, 0.47738181396357554, 0.4760779186641287, 0.48315991252808177, 0.47932855136773794, 0.47313074000489763, 0.4768018770343972, 0.471269705536863, 0.4751650826215967], "Carry big objects (tables, chairs)": [0.265978199440422, 0.702794541447555, 0.7001321622862531, 0.6980238132876924, 0.6992118633213275, 0.6982335740046736, 0.6997614657836256, 0.6959029844546827, 0.6995802429485447, 0.7010286032804243, 0.7024253549643295], "Cleaning (Picking up stuff) / Starting conversation": [0.13408871375819673, 0.3568661774447645, 0.36753105908817824, 0.3588119685445009, 0.3492653646256843, 0.3741046067050951, 0.3609700862995934, 0.38546853831170347, 0.37830348119983087, 0.37290146629516296, 0.36531507667191676]}}