{"clients": 9, "Losses": [10.901083946228027, 0.2272614687681198, 0.227483868598938, 0.22949044406414032, 0.22506846487522125, 0.22952821850776672, 0.22589045763015747, 0.22949673235416412, 0.2253713458776474, 0.22645166516304016, 0.22531521320343018], "rmse": [3.3016791343688965, 0.476719468832016, 0.4769526720046997, 0.4790516197681427, 0.47441381216049194, 0.47909101843833923, 0.4752793312072754, 0.4790581464767456, 0.474732905626297, 0.47586938738822937, 0.4746737778186798], "pearson": {"Vacuum cleaning": [-0.2009791117023113, 0.7552601556869013, 0.752938327415806, 0.7536802088315278, 0.7533274735593309, 0.7556269814716848, 0.7524598914679972, 0.7566473584650829, 0.7567130982279059, 0.7543439974043161, 0.7575019167842693], "Mopping the floor": [-0.06643376263939844, 0.757678658310322, 0.7574879559899623, 0.7595718001089546, 0.7573574715853874, 0.7589022705069057, 0.7556745492367473, 0.7610662193977247, 0.7601089819104039, 0.7610486941345924, 0.7627051971240936], "Carry warm food": [0.07291235188649244, 0.36808901931401194, 0.3711568013291979, 0.37218480309059404, 0.37765400773863045, 0.37344799228028497, 0.3776968509274739, 0.3804265315697777, 0.38257993142966407, 0.3771713530478066, 0.3828286195645957], "Carry cold food": [0.10292983904658393, 0.27403586877882696, 0.2826638972866336, 0.27924476051801506, 0.2886547012696915, 0.2818775277609131, 0.28677343782157844, 0.2824695642741423, 0.28806447099303656, 0.2857786390591896, 0.29071077724230965], "Carry drinks": [-0.004244498617591397, 0.2920548238725595, 0.3042538366863468, 0.292116115326693, 0.30399444619761934, 0.2982007995101175, 0.30803741709135396, 0.2962191699022898, 0.3004629644614869, 0.30085587377218975, 0.30630785898376484], "Carry small objects (plates, toys)": [-0.06475491852721053, 0.4666388153871105, 0.4711018231666795, 0.4742557200022459, 0.4798055652081683, 0.47735490878984693, 0.4674851839398331, 0.4740597632170475, 0.4703878803012981, 0.4644492952973362, 0.4655779939837643], "Carry big objects (tables, chairs)": [0.265978199440422, 0.7003854893255926, 0.6979217525875663, 0.6986265374103157, 0.6989832307317796, 0.6990784188822036, 0.6948747194035458, 0.7020076934838843, 0.7007042371483503, 0.6973728876935346, 0.7015360609418159], "Cleaning (Picking up stuff) / Starting conversation": [0.13408871375819673, 0.35633291704208725, 0.3601993632574781, 0.36007578145994035, 0.3527340387095836, 0.35667333400340906, 0.35545228993546574, 0.3567489916731404, 0.36732847553910786, 0.37991627229851227, 0.3746603148719319]}}